ec,value,chebi,kegg,pubchem,hmdb
3.2.1.114,9.0,,,449023,
3.2.1.114,16812.0,61663,C19773,5288768,
3.4.21.59,100440.0,,,,
3.4.21.59,144000.0,,,,
3.4.21.59,165240.0,,,,
3.4.21.59,271800.0,,,,
3.4.21.59,673200.0,,,,
3.4.21.59,5400.0,,,66704001,
3.4.21.59,6120.0,,,66704001,
3.4.21.59,9360.0,,,66704001,
3.4.21.59,203040.0,,,66704001,
3.4.21.59,204840.0,,,66704001,
3.4.21.59,2998.7999999999997,,,122333,
3.4.21.59,25560.0,,,122333,
3.4.21.59,58680.0,,,122333,
3.4.21.59,75960.0,,,122333,
3.4.21.59,111600.0,,,122333,
3.4.21.59,6732000.0,,,,
3.4.21.59,86760.0,,,,
3.4.21.59,97560.0,,,,
3.4.21.59,183600.0,,,,
3.4.21.59,214200.0,,,,
3.4.21.59,6840.0,,,,
3.4.21.59,10800.0,,,,
3.4.21.59,19440.0,,,,
3.4.21.59,37080.0,,,,
3.4.21.59,1983600.0,,,21120970,
3.4.21.59,1990800.0,,,21120970,
3.4.21.59,3960.0,,,,
3.4.21.59,12600.0,,,,
3.4.21.59,838800.0,,,,
3.4.21.59,10080.0,,,10482368,
3.4.21.59,18000.0,,,10482368,
3.4.21.59,18720.0,,,10482368,
3.4.21.59,19080.0,,,10482368,
3.4.21.59,1566000.0,,,,
3.4.21.59,612000.0,,,,
3.4.21.59,5472000.0,,,,
3.4.21.59,164520.0,,,,
3.4.21.59,3564.0,,,,
3.4.21.59,3960.0,,,,
3.4.21.59,19260.0,,,193656,
3.4.21.59,19872.0,,,193656,
3.4.21.59,13680.0,,,,
3.4.21.59,78300.0,,,,
3.4.21.59,78480.0,,,,
3.4.21.59,107.99999999999999,,,2728026,
3.4.21.59,5976.0,,,2728026,
3.4.21.59,9036.0,,,2728026,
3.4.21.59,10584.0,,,2728026,
3.4.21.59,10800.0,,,2728026,
3.4.21.59,23435.999999999996,,,2728026,
3.4.21.59,32040.0,,,2728026,
3.4.21.59,54720.0,,,72699209,
3.4.21.59,82440.0,,,72699209,
3.4.21.59,109800.0,,,72699209,
3.4.21.59,9460800.0,,,72699209,
3.4.21.59,9468000.0,,,72699209,
3.4.21.59,1360800.0,,,,
3.4.21.59,11844000.0,,,25108645,
3.4.21.59,572400.0,,,,
3.4.21.59,7344000.0,,,25108603,
3.4.21.59,374400.0,,,,
3.4.21.59,385200.0,,,,
3.4.21.59,32400.0,,,14853363,
3.4.21.59,218160.0,,,14853363,
3.4.21.59,658800.0,,,14853363,
3.4.21.59,507600.0,,,,
3.4.21.59,716400.0,,,,
3.4.21.59,1321200.0,,,,
3.4.21.59,75600.0,,,,
3.4.21.59,3491.9999999999995,,,,
3.4.21.59,3564.0,,,,
2.7.1.11,1285200.0,15422,C00002;D08646,5957,HMDB00538
2.7.1.17,126000.0,,C00310,439204,HMDB03371
1.1.3.15,12960.0,17375;17497;17893;52618,C00160;C03547,3698251;757,HMDB00115
1.1.3.15,14759.999999999998,17375;17497;17893;52618,C00160;C03547,3698251;757,HMDB00115
1.1.3.15,56160.0,17375;17497;17893;52618,C00160;C03547,3698251;757,HMDB00115
1.1.3.15,2520.0,16891;35910;53274,C00048,760,HMDB00119
1.1.3.15,2988.0,16891;35910;53274,C00048,760,HMDB00119
1.1.3.15,288.0,,,67600,HMDB13211
1.1.3.15,396.0,32800,C01984,439616,HMDB00703
1.1.3.15,194760.0,,,,
1.1.3.15,1656.0,422,C00186,107689,HMDB00190
4.3.2.1,11807.999999999998,,C03406,16950,HMDB00052
2.4.1.38,6840.0,,,,
2.4.1.38,36.0,16082,,19235,
2.4.1.38,10.799999999999999,,,10705,
2.4.1.38,6264.0,,,10306552,
2.4.1.38,4068.0,,,92229,
2.4.1.38,11880.0,35373;84373,C00734;C06023,3086191,
2.4.1.38,17315.999999999996,35373;84373,C00734;C06023,3086191,
2.4.1.38,5472.0,,,91509,
2.4.1.38,12060.0,,,,
2.4.1.38,8892.000000000002,,,,
2.4.1.38,17352.000000000004,50670,,439326,
2.4.1.38,72.0,46229;52249,C00029,8629,
2.4.1.38,10.799999999999999,17200,C00167,17473,HMDB00935
2.4.1.38,12960.0,17029;61631,C03878,24139,HMDB00803
2.4.1.38,4103.999999999999,67119,,18068,HMDB00302
2.8.1.2,2880.0,17588;58199,C00155,6971015;91552,
2.8.1.2,6120.0,18047,C02147,421,HMDB12210
2.8.1.2,1080.0,16856;60836,C00051;C02471;D00014,124886;25246407,HMDB00125
2.8.1.2,4680.0,,,,
2.8.1.2,8640.0,18379;18407,C01326,768,
2.8.1.2,21960.0,,,446094,
2.8.1.2,3960.0,17561;35235;47910;58717;61894,C00097;D00026,5862;6419722,HMDB00574
2.8.1.2,824400.0,,C00928,1567,
2.7.1.25,1310.4,17709,C00224,10238,HMDB01003
2.7.1.25,6120.0,15422,C00002;D08646,5957,HMDB00538
2.7.1.25,8280.0,15422,C00002;D08646,5957,HMDB00538
2.7.1.25,15840.0,15422,C00002;D08646,5957,HMDB00538
3.4.24.15,2520.0,,,,
3.4.24.15,72.0,,,,
3.4.24.15,684.0,,,,
3.4.24.15,10440.0,,,,
3.4.24.15,25200.0,,,,
3.4.24.15,16200.0,,,,
3.4.24.15,1080.0,,,,
3.4.24.15,39960.0,,,,
3.4.24.15,47880.0,,,,
3.4.24.15,21600.0,,,,
3.4.24.15,32760.0,,,,
3.4.24.15,1440.0,,,,
3.4.24.15,1080.0,,,,
3.4.24.15,6120.0,,,,
3.4.24.15,5760.0,,,,
3.4.24.15,21240.0,,,,
3.4.24.15,144.0,,,,
3.4.24.15,107.99999999999999,,,,
3.4.24.15,36.0,,,,
3.4.24.15,33120.0,,,,
2.7.8.7,863.9999999999999,18420,C00305,888,HMDB00547
2.7.8.7,863.9999999999999,15351,C00024,444493,HMDB01206
2.4.1.152,6120.0,,,,
1.8.1.4,1818000.0,17694,C00579,663,HMDB00985
1.8.1.4,1818000.0,17694,C00579,663,HMDB00985
1.8.1.4,2041200.0,17694,C00579,663,HMDB00985
1.8.1.4,3236400.0,17694,C00579,663,HMDB00985
1.8.1.4,1224000.0,16908,C00004,439153,
1.8.1.4,1868400.0,17460,C00248;D00048,863,HMDB00962
1.8.1.4,2336400.0,17460,C00248;D00048,863,HMDB00962
1.8.1.4,2066400.0,15846,C00003;D00002,5893,HMDB00902
1.8.1.7,1224.0000000000002,80708,C16758,5386591,
1.8.1.7,5292.0,80708,C16758,5386591,
1.8.1.7,576.0,28869,C05377,4055,HMDB01892
1.8.1.7,1224.0000000000002,,,11355645,
1.8.1.7,576.0,17842,C02090,449517,
1.8.1.7,9360.0,80707,C16757,9881148,
1.8.1.7,468.00000000000006,,,68372406,
1.8.1.7,1260.0,,,12300225,
1.8.1.7,396.0,,,23525632,
1.8.1.7,173880.0,17858,C00127;D00031,11215652;65359,
1.8.1.7,594000.0,17858,C00127;D00031,11215652;65359,
1.8.1.7,756000.0,17858,C00127;D00031,11215652;65359,
1.8.1.7,756000.0,17858,C00127;D00031,11215652;65359,
1.8.1.7,756000.0,17858,C00127;D00031,11215652;65359,
1.8.1.7,756000.0,17858,C00127;D00031,11215652;65359,
1.8.1.7,3888.000000000001,27418,C02617,8530,
1.8.1.7,576.0,78492,,16315,
1.8.1.7,8028.000000000001,,,388306,
2.4.1.133,6444.0,,,92229,
2.4.1.133,10800.0,16082,,19235,
2.4.1.133,259200.0,46229;52249,C00029,8629,
2.4.1.133,100.8,67119,,18068,HMDB00302
2.4.1.133,3996.0000000000005,67119,,18068,HMDB00302
2.4.1.133,4103.999999999999,67119,,18068,HMDB00302
2.4.1.133,5472.0,67119,,18068,HMDB00302
2.4.1.133,18309600.0,67119,,18068,HMDB00302
4.2.3.12,115.19999999999999,,C04895,121885,HMDB00980
1.8.1.9,82800.0,77012,C18902,161597,
1.8.1.9,5760.0,17460,C00248;D00048,863,HMDB00962
1.8.1.9,11880.0,17460,C00248;D00048,863,HMDB00962
1.8.1.9,57.599999999999994,,,,
1.8.1.9,20088.0,,,,
1.8.1.9,29160.0,,,,
1.8.1.9,92808.00000000001,,,,
1.8.1.9,98640.0,,,,
1.8.1.9,167652.0,,,,
1.8.1.9,6480.0,30314,C16241,6112,HMDB01451
1.8.1.9,1980.0,,,7000011,
1.8.1.9,29807.999999999996,,,7000011,
1.8.1.9,67428.0,,,7000011,
1.8.1.9,108072.0,,,7000011,
1.8.1.9,119988.0,,,7000011,
1.8.1.9,106200.0,,,7000011,
1.8.3.1,43560.0,17359,,1099,HMDB00240
1.8.3.1,61920.0,17359,,1099,HMDB00240
1.8.3.1,87120.0,17359,,1099,HMDB00240
1.8.3.1,87120.0,17359,,1099,HMDB00240
1.8.3.1,87120.0,17359,,1099,HMDB00240
1.8.3.1,88920.0,17359,,1099,HMDB00240
1.8.3.1,88920.0,17359,,1099,HMDB00240
1.8.3.1,90000.0,17359,,1099,HMDB00240
1.8.3.1,93240.0,17359,,1099,HMDB00240
1.8.3.1,93240.0,17359,,1099,HMDB00240
1.8.3.1,93240.0,17359,,1099,HMDB00240
1.8.3.1,96840.0,17359,,1099,HMDB00240
1.8.3.1,97200.0,17359,,1099,HMDB00240
1.8.3.1,65160.0,,,,
5.3.3.1,10843200.0,28689,C01227;D08409,5881,
5.3.3.1,17604000.0,28689,C01227;D08409,5881,
5.3.3.1,2005.2,83865,C20252,160531,
5.3.3.1,2988.0,83865,C20252,160531,
5.3.3.1,21888.0,83865,C20252,160531,
5.3.3.1,48960.0,83865,C20252,160531,
4.4.1.20,7596.0,16856;60836,C00051;C02471;D00014,124886;25246407,HMDB00125
4.4.1.20,7992.000000000001,16856;60836,C00051;C02471;D00014,124886;25246407,HMDB00125
4.4.1.20,42120.0,15651,C00909,5280383,HMDB01337
4.4.1.20,6083.999999999999,,,6478221,
4.4.1.20,7092.0,,,6478221,
2.7.1.48,11520.0,17562,C00475;D07769,6175,HMDB00089
2.1.1.45,15012.0,,,,
2.1.1.45,11196.0,17622,C00365,65063,HMDB01409
2.1.1.45,172800.0,17622,C00365,65063,HMDB01409
2.1.1.45,172800.0,1989,,445117,
2.6.1.7,3312.0,35932,C03465,47,HMDB00491
2.6.1.7,327600.0,17295;58095,C00079;D00021,6140;6925665,HMDB00159
2.6.1.7,234.00000000000003,,C00036,970,HMDB00223
2.6.1.7,514800.0,,C00036,970,HMDB00223
2.6.1.7,17388.0,35177,,6419709,
2.6.1.7,27612.0,30915,C00026,51,HMDB00208
2.6.1.7,514800.0,15971;57595,C00135;D00032,6274;6971009,HMDB00177
2.6.1.7,1065600.0,,C00233,70,HMDB00695
2.6.1.7,9036.0,,C00233,70,HMDB00695
2.6.1.7,5364.0,17640,,5460337,
2.6.1.7,9576.000000000002,28644,,5460364,
2.6.1.7,34560.0,17561;35235;47910;58717;61894,C00097;D00026,5862;6419722,HMDB00574
2.6.1.7,1584000.0,18050;58359,C00064;D00015,5961;6992086,HMDB00641
2.6.1.7,15372.0,16723,,4584184,
2.6.1.7,1404.0000000000002,15999,C01179,979,HMDB00707
2.6.1.7,17028.0,30851,C00166,997,HMDB00205
2.6.1.7,396000.0,30851,C00166,997,HMDB00205
2.6.1.7,155160.0,16828;57912,C00078;D00020,6305;6923516,HMDB00929
2.6.1.7,774000.0,16643;57844,C00073;D00019,6137;6992087,HMDB00696
2.6.1.7,137880.0,,,21889526,
2.6.1.7,842400.0,30831,C00109,58,HMDB00005
2.6.1.7,12564.0,30831,C00109,58,HMDB00005
2.6.1.7,3312.0,16530,C00141,49,HMDB00019
2.6.1.7,6480.0,16946;57959,C00328,161166;6971029,HMDB00684
2.6.1.7,7920.0,16946;57959,C00328,161166;6971029,HMDB00684
2.6.1.7,35136.0,16946;57959,C00328,161166;6971029,HMDB00684
2.6.1.7,723600.0,16946;57959,C00328,161166;6971029,HMDB00684
2.6.1.7,13104.0,16891;35910;53274,C00048,760,HMDB00119
2.6.1.7,946800.0,16891;35910;53274,C00048,760,HMDB00119
2.6.1.7,12923.999999999998,57678,,4182595,
2.6.1.7,842400.0,57678,,4182595,
2.6.1.7,51840.0,17196;58048,C00152,6267;6992089,HMDB00168
2.6.1.7,17424.0,15753,C00322,71,HMDB00225
2.6.1.7,327600.0,17895;58315,C00082;D00022,6057;6942100,HMDB00158
2.6.1.7,1220400.0,15603;57427,C00123;D00030,6106;7045798,HMDB00687
2.6.1.7,1295.9999999999998,32816,C00022,1060,HMDB00243
2.6.1.7,104400.0,32816,C00022,1060,HMDB00243
2.7.1.59,117.00000000000001,28401;506227,C00140,439174,
5.3.99.2,9504.0,15554,C00427,445049,HMDB01381
5.3.99.3,75600.0,16856;60836,C00051;C02471;D00014,124886;25246407,HMDB00125
5.3.99.3,25200.0,15554,C00427,445049,HMDB01381
5.3.99.3,180000.0,15554,C00427,445049,HMDB01381
5.3.99.3,180000.0,15554,C00427,445049,HMDB01381
5.3.99.3,270000.0,27647,C05956,5280883,HMDB03235
5.3.99.3,270000.0,27647,C05956,5280883,HMDB03235
3.1.3.1,331200.0,18405,C00018,1051,HMDB01491
3.1.3.1,878400.0,29888,C00013,1023;21961011,
2.1.1.37,208.8,15414;59789,,24762165;34756,
1.1.1.21,558.0,16619;26199;28600,C01126;C06081,445070,HMDB04305
1.1.1.21,1800.0,16619;26199;28600,C01126;C06081,445070,HMDB04305
1.1.1.21,1551.6,15693;5445,C02154,751,HMDB01051
1.1.1.21,61.2,77417,D05097,8209,HMDB11638
1.1.1.21,234.00000000000003,35986,C14696,8914,
1.1.1.21,4500.0,27836,C02278,8194,
1.1.1.21,2700.0,,,55297134,
1.1.1.21,9000.0,,C07327,10371,
1.1.1.21,601.2,17987,C00556;C03485;D00077,244,HMDB03119
1.1.1.21,6120.0,53455,C00181;D06346,135191,HMDB00098
1.1.1.21,2808.0000000000005,41607,C19377,447466,
1.1.1.21,4032.0,27539,C11129,7054,
1.1.1.21,4932.0,17935,C01545,454,HMDB01140
1.1.1.21,6228.0,17169,C00193;C00261,240,HMDB06115
1.1.1.21,280.79999999999995,,C09094,5281365,
1.1.1.21,594.0,,C09094,5281365,
1.1.1.21,4032.0,34779,C14448,7860,
1.1.1.21,21.599999999999998,,,542673,
1.1.1.21,14.399999999999999,36729,,92747,HMDB03069
1.1.1.21,28.799999999999997,78594,,22211699,
1.1.1.21,4824.0,61726,,5283335,
1.1.1.21,5148.0,17998,C02373,129,HMDB01318
1.1.1.21,8280.0,47953,C16245,65041,
1.1.1.21,4680.0,15743,C01412,261,HMDB03543
1.1.1.21,6732.0,17167,C00937,439350,HMDB06458
1.1.1.21,658.8000000000001,,C00031;D00009,5793,HMDB00122
1.1.1.21,7200.0,34787,C14390,8130,
1.1.1.21,2736.0,,,14090,
1.1.1.21,180.0,28903,C01633,8174,HMDB11624
1.1.1.21,1727.9999999999998,,,,
1.1.1.21,2041.1999999999998,17447,C01500,637566,
1.1.1.21,43.199999999999996,,,101767,
1.1.1.21,4968.0,84268,,31289,
1.1.1.21,151.2,,D05158,7510,
1.1.1.21,8532.000000000002,,,6184,HMDB05994
1.1.1.21,568.8000000000001,,,8103,HMDB12971
1.1.1.21,6588.000000000001,61727,,5283345,
1.1.1.21,2088.0,17071;52501,C00266,756,HMDB03344
1.1.1.21,4752.0,,,19707,
1.1.1.21,421.20000000000005,29452,C09871,643820,HMDB05812
1.1.1.21,1980.0,17378,C00577,79014,
1.1.1.21,2951.9999999999995,19591,C08497,5281168,
1.1.1.21,2304.0,,,,
1.1.1.21,838.8000000000001,,C00124,6036,
4.2.1.96,82800.0,,,,
4.2.1.96,86400.0,,,,
5.3.99.5,73440.0,,,,
5.3.99.5,213840.0,,,,
5.3.99.5,96120.0,15554,C00427,445049,HMDB01381
5.3.99.5,97560.0,15554,C00427,445049,HMDB01381
5.3.99.5,101520.0,27647,C05956,5280883,HMDB03235
1.1.1.284,3744.0000000000005,,C14180,447123,HMDB04662
1.1.1.284,11988.0,,C14180,447123,HMDB04662
1.1.1.284,9000.0,,C14180,447123,HMDB04662
1.1.1.284,9000.0,,C14180,447123,HMDB04662
1.1.1.284,27000.0,50091,,104858,HMDB04645
1.1.1.284,72000.0,50091,,104858,HMDB04645
1.1.1.284,72000.0,50091,,104858,HMDB04645
1.1.1.284,105480.0,50091,,104858,HMDB04645
1.1.1.284,259200000.0,50091,,104858,HMDB04645
1.1.1.284,124200.0,16908,C00004,439153,
1.1.1.284,781.1999999999999,,C08317,79034,HMDB02059
1.1.1.284,781.1999999999999,15846,C00003;D00002,5893,HMDB00902
1.1.1.284,3744.0000000000005,15846,C00003;D00002,5893,HMDB00902
1.1.1.284,9000.0,15846,C00003;D00002,5893,HMDB00902
3.5.1.15,135000.0,21547,C01042,65065,HMDB00812
2.7.1.20,1800.0,16335,C00212;D00045,60961,HMDB00050
2.7.1.21,12600.0,10110,C07210;D00413,35370,
2.7.1.21,1224.0000000000002,,,71575003,
2.7.1.21,1404.0000000000002,,,,
2.7.1.21,1260.0,,,,
2.7.1.21,1692.0,,,,
2.7.1.21,1152.0,,,,
2.7.1.21,1332.0,,,,
2.7.1.21,1584.0,,,,
2.7.1.21,1620.0,,,71575002,
2.7.1.21,1656.0,17748,C00214,5789,HMDB00273
2.7.1.21,34200.0,17748,C00214,5789,HMDB00273
2.7.4.9,4320.0,,,93036,
2.7.4.9,17280.0,17622,C00365,65063,HMDB01409
2.7.4.9,107.99999999999999,,,447405,
2.7.4.9,107.99999999999999,,,165151,
2.7.4.9,208.8,,,50994033,
2.7.4.9,1800.0,,,24853891,
2.7.4.9,3240.0,,,24853891,
2.7.4.9,2628.0,,,50993797,
2.7.4.9,323.99999999999994,,,50993950,
2.7.4.9,360.0,,,50994032,
2.7.4.9,504.0,,,162501,
2.7.4.9,323.99999999999994,,,461278,
2.7.4.9,2160.0,,,53323156,
2.7.4.9,1152.0,,,15986886,
2.7.4.9,2628.0,17013,C00364,9700,HMDB01227
2.7.4.9,2736.0,17013,C00364,9700,HMDB01227
2.7.4.9,10800.0,17013,C00364,9700,HMDB01227
2.7.4.9,1440.0,17013,C00364,9700,HMDB01227
2.7.4.9,10.799999999999999,,,23624139,
2.7.4.9,36.0,,,23624139,
2.7.4.9,43.199999999999996,,,23624139,
2.7.4.9,3024.0,,,50925436,
2.7.4.9,266.4,,,15986888,
2.7.4.9,1727.9999999999998,,,24853892,
2.7.4.3,2818800.0,16761,C00008,6022,HMDB01341
2.7.4.3,3031200.0,16027,C00020;D02769,6083,HMDB00045
2.7.4.3,3032280.0,16027,C00020;D02769,6083,HMDB00045
2.7.4.3,22.68,15422,C00002;D08646,5957,HMDB00538
2.7.4.3,547200.0,15422,C00002;D08646,5957,HMDB00538
2.7.4.3,2458800.0,15422,C00002;D08646,5957,HMDB00538
2.7.4.3,3164400.0,15422,C00002;D08646,5957,HMDB00538
2.7.4.3,3166200.0,15422,C00002;D08646,5957,HMDB00538
1.4.1.3,374400.0,16908,C00004,439153,
1.4.1.3,374400.0,16908,C00004,439153,
1.4.1.3,374400.0,16908,C00004,439153,
1.4.1.3,374400.0,16908,C00004,439153,
1.4.1.3,374400.0,16908,C00004,439153,
1.4.1.3,468000.0,16908,C00004,439153,
1.4.1.3,468000.0,16908,C00004,439153,
1.4.1.3,468000.0,16908,C00004,439153,
1.4.1.3,468000.0,16908,C00004,439153,
1.4.1.3,374400.0,30915,C00026,51,HMDB00208
1.4.1.3,374400.0,30915,C00026,51,HMDB00208
1.4.1.3,468000.0,30915,C00026,51,HMDB00208
1.4.1.3,468000.0,30915,C00026,51,HMDB00208
2.7.6.2,248.40000000000003,18385,C00378,1130,HMDB00235
2.7.6.2,248.40000000000003,15422,C00002;D08646,5957,HMDB00538
4.1.1.33,16200.0,83574,,86289952,
3.1.4.17,15120.0,16356,C00942,24316,HMDB01314
3.1.4.17,1080.0,17489,C00575,6076,HMDB00058
3.1.4.17,1727.9999999999998,17489,C00575,6076,HMDB00058
3.1.4.17,1800.0,17489,C00575,6076,HMDB00058
3.1.4.17,1872.0000000000002,17489,C00575,6076,HMDB00058
1.1.1.270,10.799999999999999,16330,C03917;D07456,10635,HMDB02961
1.1.1.270,177.48,16330,C03917;D07456,10635,HMDB02961
1.1.1.270,187.2,16330,C03917;D07456,10635,HMDB02961
1.2.1.5,27720.0,15846,C00003;D00002,5893,HMDB00902
1.2.1.5,163080.0,15846,C00003;D00002,5893,HMDB00902
1.2.1.5,122400.0,,,6184,HMDB05994
1.2.1.5,183600.0,17169,C00193;C00261,240,HMDB06115
1.2.1.5,139680.0,18009,C00006,5886,HMDB00217
1.2.1.5,129240.0,15343;60379,C00084,177,HMDB00990
1.2.1.5,190800.0,19591,C08497,5281168,
1.2.1.5,27720.0,27871,C06754,33,
1.2.1.3,1980.0,,,226046,
1.2.1.3,2998.7999999999997,,,226046,
1.2.1.3,10188.0,,,34804,
1.2.1.3,21600.0,,,34804,
1.2.1.3,16200.0,28476,C07209,12105,
1.2.1.3,4680.0,,,20315173,
1.2.1.3,108000.0,16424,C00601,998,HMDB06236
1.2.1.3,180000.0,16424,C00601,998,HMDB06236
1.2.1.3,15912.0,,,85217,
1.2.1.3,2221.2,51910,,25195386,
1.2.1.3,44280.0,,,7707,
1.2.1.3,5111.999999999999,17098,C02201,8419,
1.2.1.3,3888.000000000001,,,58609191,
1.2.1.3,19188.0,,,15179612,
1.2.1.3,5652.0,,,285477,
1.2.1.3,28440.0,,,53699002,
1.2.1.3,1512.0,17153;49188;84587,C00479,527,HMDB03366
1.2.1.3,2340.0,17153;49188;84587,C00479,527,HMDB03366
1.2.1.3,4788.000000000001,17153;49188;84587,C00479,527,HMDB03366
1.2.1.3,5328.0,17153;49188;84587,C00479,527,HMDB03366
1.2.1.3,11376.000000000002,17153;49188;84587,C00479,527,HMDB03366
1.2.1.3,22176.0,17153;49188;84587,C00479,527,HMDB03366
1.2.1.3,70920.0,17153;49188;84587,C00479,527,HMDB03366
1.2.1.3,20988.0,,,11569,
1.2.1.3,20988.0,17169,C00193;C00261,240,HMDB06115
1.2.1.3,99720.0,,C07327,10371,
1.2.1.3,10800.0,28617,C06758,7725,
1.2.1.3,29988.0,,,87303054,
1.2.1.3,40320.0,,,83641,
1.2.1.3,9612.0,,,,
1.2.1.3,7811.999999999999,,,57453872,
1.2.1.3,3538.7999999999997,,,10681169,
1.2.1.3,8388.0,,,7479,
1.2.1.3,7668.0,,,7479,
1.2.1.3,11412.0,,,10420437,
1.2.1.3,54720.0,,,7146,
1.2.1.3,144.0,,,,
1.2.1.3,25812.0,66926,,541,
1.2.1.3,16812.0,,,78072,
1.2.1.3,1321.2,,,8658,
1.2.1.3,33588.0,18086,C00637,800,HMDB01190
1.2.1.3,40680.0,18086,C00637,800,HMDB01190
1.2.1.3,568.8000000000001,,,2749252,
1.2.1.3,900.0,,,2749252,
1.2.1.3,12600.0,15846,C00003;D00002,5893,HMDB00902
1.2.1.3,243000.0,16842;17087;17478;18044,C00067;D00017;D01494,712,HMDB01426
1.2.1.3,2401.2000000000003,,,68250,
1.2.1.3,9000.0,16731,C00903,637511,HMDB03441
1.2.1.3,28188.0,16731,C00903,637511,HMDB03441
1.2.1.3,1620.0,,,15614,
1.2.1.3,9000.0,,C10761,31244,
1.2.1.3,3538.7999999999997,,,280725,
1.2.1.3,14400.0,52368,C14099,6201,
1.2.1.3,3600.0,16207,C03067,101,
1.2.1.3,1080.0,,,78437,
1.2.1.3,5400.0,,,5284506,
1.2.1.3,29412.0,,,5284506,
1.2.1.3,9900.0,27434,C07214,10722,
1.2.1.3,4428.0,66927,,11101,
1.4.3.3,18720.0,15570;57416,C00133,71080;7311725,HMDB01310
1.4.3.3,18720.0,15570;57416,C00133,71080;7311725,HMDB01310
1.4.3.3,36000.0,15570;57416,C00133,71080;7311725,HMDB01310
1.4.3.3,36000.0,15570;57416,C00133,71080;7311725,HMDB01310
1.4.3.3,78120.0,49169,,6989908;92222,
1.4.3.3,11520.0,16296;57719,C00525,6923517;9060,HMDB13609
1.4.3.3,53280.0,28479;58570,C06420,6919035;71098,
1.4.3.3,24120.0,17364,C00402,83887,HMDB06483
1.4.3.3,10800.0,16523;35247,C00740,6857549;71077,HMDB03406
1.4.3.3,23760.0,16998,C02265,6919011;71567,
1.4.3.3,3240.0,15428;15705;16228;46874;59869;59871;62031;66884;66933,C00037;D00011,5257127;750,HMDB00123
1.4.3.3,36720.0,16313;57726,C00763,6971012;8988,HMDB03411
1.4.3.5,720.0,,,16204483,
1.4.3.5,684.0,28803,C00627,1055,HMDB01319
1.4.3.4,323.99999999999994,40538,C15562,7504,
1.4.3.4,1170.0,40538,C15562,7504,
1.4.3.4,18000.0,40538,C15562,7504,
1.4.3.4,18000.0,40538,C15562,7504,
1.4.3.4,13752.0,18397,C05332,1001,HMDB12275
1.4.3.4,5331.6,18397,C05332,1001,HMDB12275
1.4.3.4,3229.2,18397,C05332,1001,HMDB12275
1.4.3.4,3592.8,18397,C05332,1001,HMDB12275
1.4.3.4,5040.0,18397,C05332,1001,HMDB12275
1.4.3.4,10332.000000000002,18397,C05332,1001,HMDB12275
1.4.3.4,11160.0,18397,C05332,1001,HMDB12275
1.4.3.4,6588.000000000001,,,83242,
1.4.3.4,1533.6,28790,C00780,5202,HMDB00259
1.4.3.4,21600.0,28790,C00780,5202,HMDB00259
1.4.3.4,66960.0,28790,C00780,5202,HMDB00259
1.4.3.4,666.0,,,29147,
1.4.3.4,896.4,18243,C03758;D07870,681,HMDB00073
1.4.3.4,576.0,17963,C04599,1388,
1.4.3.4,647.9999999999999,17963,C04599,1388,
1.4.3.4,867.5999999999999,17963,C04599,1388,
1.4.3.4,19080.0,15760,C00483,5610,HMDB00306
1.4.3.4,3888.000000000001,73472,,9692,HMDB12246
1.4.3.4,5760.0,73472,,9692,HMDB12246
1.4.3.4,6840.0,73472,,9692,HMDB12246
1.4.3.4,6840.0,73472,,9692,HMDB12246
1.4.3.4,7488.000000000001,73472,,9692,HMDB12246
1.4.3.4,7488.000000000001,73472,,9692,HMDB12246
1.4.3.4,7920.0,73472,,9692,HMDB12246
1.4.3.4,9000.0,73472,,9692,HMDB12246
1.4.3.4,6660.0,,,95153,
3.1.2.6,658800.0,,,,
3.1.2.6,676800.0,,,193846,
3.1.2.6,2718000.0,,,193846,
3.1.2.6,5364000.0,,,,
3.1.2.6,1008000.0,15694,C03451,440018,HMDB01066
3.1.2.6,2617200.0,15694,C03451,440018,HMDB01066
3.1.2.6,6264000.0,17491,,20841668,
3.7.1.3,12600.0,1547,C02794,25244175;89,HMDB00732
3.7.1.3,12600.0,17380;58125,C03227,11811;49791998,HMDB11631
3.7.1.3,828.0,16946;57959,C00328,161166;6971029,HMDB00684
1.14.16.4,9612.0,16828;57912,C00078;D00020,6305;6923516,HMDB00929
1.14.16.4,18108.0,16828;57912,C00078;D00020,6305;6923516,HMDB00929
1.14.16.4,4978.8,15379;27140,C00007;D00003,977,HMDB01377
1.14.16.4,24228.0,15379;27140,C00007;D00003,977,HMDB01377
1.14.16.4,7801.199999999999,59560,C00272;D08505,44257,
1.14.16.4,16441.199999999997,59560,C00272;D08505,44257,
1.14.16.2,10907.999999999998,17895;58315,C00082;D00022,6057;6942100,HMDB00158
1.14.16.2,11988.0,17895;58315,C00082;D00022,6057;6942100,HMDB00158
1.14.16.2,61.2,59560,C00272;D08505,44257,
1.14.16.2,1692.0,59560,C00272;D08505,44257,
1.14.16.2,2088.0,59560,C00272;D08505,44257,
1.14.16.1,23508.0,17295;58095,C00079;D00021,6140;6925665,HMDB00159
2.4.2.10,86.39999999999999,25722,,92751,HMDB00788
2.4.2.10,86.39999999999999,25722,,92751,HMDB00788
2.4.2.10,61.2,15732,C05682,546,HMDB04110
2.4.2.10,61.2,15842,C01103,160617,HMDB00218
2.4.2.10,360.0,15842,C01103,160617,HMDB00218
1.6.2.2,118800.0,16474,C00005,5884,
1.6.2.2,353880.0,5020,C00324,,
1.6.2.2,1800000.0,5020,C00324,,
1.6.2.2,2437200.0,5020,C00324,,
1.6.2.2,2520000.0,5020,C00324,,
1.6.2.2,2880000.0,5020,C00324,,
1.6.2.2,2977200.0,5020,C00324,,
1.6.2.2,2638.7999999999997,16908,C00004,439153,
1.6.2.2,1296000.0,,,,
1.6.2.2,2160000.0,,,,
3.5.4.12,3456000.0,15918,C00239,13945,HMDB01202
3.5.4.10,30960.0,18381,C04734,166760,HMDB01439
3.5.4.10,30960.0,18381,C04734,166760,HMDB01439
3.1.6.8,2941.2,1905,C11585,84843,
3.1.6.8,60480.0,,,182042,
1.3.99.12,27360000.0,27540,C05270,449118,
1.3.99.12,10440000.0,15479,C00630,3036931,HMDB01243
1.3.99.12,34920000.0,,,,
2.1.1.1,3672.0,17154,C00153;D00036,936,HMDB01406
2.1.1.6,647.9999999999999,23053,C17590,1203,
2.1.1.6,936.0000000000001,23053,C17590,1203,
2.1.1.6,126.0,62845,C14209,5282360,
2.1.1.6,277.2,62845,C14209,5282360,
2.1.1.6,360.0,,,133728,
2.1.1.6,612.0000000000001,76125,C09728,182232,
2.1.1.6,1134.0,76125,C09728,182232,
2.1.1.6,316.79999999999995,18243,C03758;D07870,681,HMDB00073
2.1.1.6,684.0,18243,C03758;D07870,681,HMDB00073
2.1.1.6,144.0,33569,,951,
2.1.1.6,647.9999999999999,33569,,951,
2.1.1.6,306.00000000000006,28744,C05301,247304,HMDB00338
2.1.1.6,3564.0,28744,C05301,247304,HMDB00338
2.1.1.6,306.00000000000006,,D05688,4866774;838,
2.1.1.6,900.0,,D05688,4866774;838,
2.1.1.5,15.84,17728;58252,C03172,145692;7098638,
2.1.1.5,86400.0,17728;58252,C03172,145692;7098638,
2.1.1.5,136800.0,17728;58252,C03172,145692;7098638,
2.1.1.5,107.28,17750,C00719;D07523,247,HMDB00043
2.1.1.5,151.92000000000002,17750,C00719;D07523,247,HMDB00043
2.1.1.5,316800.0,17750,C00719;D07523,247,HMDB00043
2.1.1.5,1.0799999999999998,17588;58199,C00155,6971015;91552,
2.1.1.5,132.12000000000003,17588;58199,C00155,6971015;91552,
2.1.1.5,136.07999999999998,17588;58199,C00155,6971015;91552,
3.1.1.23,4068.0,,,87247,
3.5.1.1,11484.0,17196;58048,C00152,6267;6992089,HMDB00168
3.5.1.1,2880.0,,,7020415,
4.2.1.18,24480.0,15473;36926,C00877,5497143,
4.2.1.18,936.0000000000001,11814,,91506,
4.2.1.18,5040.0,15497,C02411,9543050,
4.2.1.18,10440.0,15486,C03069,9549326,
4.2.1.18,6120.0,37050,C05116,644065,
4.2.1.18,18360.0,15488,,11966117,
6.3.4.16,20628.0,13759;16134;32863;32876;32877,C00014;D02916,222,HMDB00051
6.3.2.17,4211.999999999999,22526,,169371,
6.3.2.17,2916.0,,,90658597,
6.3.2.17,2951.9999999999995,,,25245141,
6.3.2.17,1980.0,,,12314743,
6.3.2.17,2340.0,27470,C00504;D00070,6037,HMDB00121
6.3.2.17,36.0,,,,
6.3.2.17,3024.0,15633,C00415,98792,HMDB01056
6.3.2.17,3564.0,15635,,5460413,
6.3.2.17,1224.0000000000002,,,21155395,
6.3.2.17,3420.0,,,90658192,
3.6.1.19,720.0,,,,
3.6.1.19,2880.0,17677,C00063,6176,HMDB00082
3.6.1.19,1080.0,16311,C00458,65091,HMDB00998
3.6.1.19,2520.0,18077,C00459,64968,HMDB01342
3.6.1.19,2520.0,15713,C00075,6133,HMDB00285
3.6.1.13,216000.0,27844,C02353,101812,
3.6.1.13,19800.0,,C00301,445794,
3.6.1.13,41040.0,,C00301,445794,
3.6.1.13,126000.0,,C00301,445794,
3.6.1.13,28800.0,,C00301,445794,
1.14.13.39,23760.0,28869,C05377,4055,HMDB01892
1.14.13.39,28800.0,28869,C05377,4055,HMDB01892
1.14.13.39,34200.0,28869,C05377,4055,HMDB01892
1.14.13.39,316800.0,28869,C05377,4055,HMDB01892
1.14.13.39,345600.0,28869,C05377,4055,HMDB01892
1.14.13.39,17280.0,28748,C01661,31703,
1.14.13.39,17640.0,28748,C01661,31703,
1.14.13.39,19080.0,28748,C01661,31703,
1.14.13.39,338400.0,28748,C01661,31703,
1.14.13.39,342000.0,28748,C01661,31703,
1.14.13.39,2232.0,27504,C06681;D00208,5746,
1.14.13.39,2880.0,27504,C06681;D00208,5746,
1.14.13.39,7920.0,27504,C06681;D00208,5746,
1.14.13.39,56880.0,27504,C06681;D00208,5746,
1.14.13.39,93600.0,27504,C06681;D00208,5746,
3.6.1.52,107.99999999999999,30164,C11526,,HMDB06229
3.6.1.52,107.99999999999999,30164,C11526,,HMDB06229
3.6.1.52,540.0,30164,C11526,,HMDB06229
3.6.1.52,540.0,30164,C11526,,HMDB06229
3.6.1.52,720.0,30164,C11526,,HMDB06229
3.6.1.52,720.0,30164,C11526,,HMDB06229
2.8.2.1,4.176,,,10291508,
2.8.2.1,215.99999999999997,,,10291508,
2.8.2.1,1.188,28197,C10208,5281708,HMDB03312
2.8.2.1,12.6,28197,C10208,5281708,HMDB03312
2.8.2.1,18.0,28197,C10208,5281708,HMDB03312
2.8.2.1,19.799999999999997,28197,C10208,5281708,HMDB03312
2.8.2.1,72.0,28197,C10208,5281708,HMDB03312
2.8.2.1,342.0,28197,C10208,5281708,HMDB03312
2.8.2.1,383.4,28197,C10208,5281708,HMDB03312
2.8.2.1,6.588000000000001,,,12114463,
2.8.2.1,226.8,,,12114463,
2.8.2.1,0.5760000000000001,,,12114465,
2.8.2.1,273.59999999999997,,,12114465,
2.8.2.1,24.12,,,53997099,
2.8.2.1,126.0,,,53997099,
2.8.2.1,5.3999999999999995,28088,C06563,5280961,HMDB03217
2.8.2.1,22.32,28088,C06563,5280961,HMDB03217
2.8.2.1,46.8,28088,C06563,5280961,HMDB03217
2.8.2.1,86.39999999999999,28088,C06563,5280961,HMDB03217
2.8.2.1,396.0,28088,C06563,5280961,HMDB03217
2.8.2.1,431.99999999999994,28088,C06563,5280961,HMDB03217
2.8.2.1,446.4,28088,C06563,5280961,HMDB03217
2.5.1.18,3960.0,,,119448,
2.5.1.18,8640.0,,,119448,
2.5.1.18,32400.0,,,119448,
2.5.1.18,63720.0,,,10953562,
2.5.1.18,17280.0,45389,,114705,
2.5.1.18,30240.0,45389,,114705,
2.5.1.18,16200.0,34718,C14397,6,
2.5.1.18,65880.0,34718,C14397,6,
2.5.1.18,273600.0,34718,C14397,6,
2.5.1.18,2739600.0,34718,C14397,6,
2.5.1.18,723600.0,508,C04274,21327,
2.5.1.18,1332.0,,,185583,
2.5.1.18,4680.0,,,185583,
2.5.1.18,27720.0,,,185583,
2.5.1.18,252.0,,,91504,
2.5.1.18,720.0,,,91504,
2.5.1.18,1656.0,,,91504,
2.5.1.18,1321200.0,,,67315,
2.5.1.18,381600.0,53049,,6264,
2.5.1.18,1980.0,,,265266,
2.5.1.18,2124.0,,,265266,
2.5.1.18,2951.9999999999995,,,265266,
2.5.1.18,46800.0,,,265266,
2.5.1.18,27612.0,16856;60836,C00051;C02471;D00014,124886;25246407,HMDB00125
2.5.1.18,43920.0,16856;60836,C00051;C02471;D00014,124886;25246407,HMDB00125
2.5.1.18,388800.0,16856;60836,C00051;C02471;D00014,124886;25246407,HMDB00125
2.5.1.18,1670400.0,16856;60836,C00051;C02471;D00014,124886;25246407,HMDB00125
2.5.1.18,4932000.0,16856;60836,C00051;C02471;D00014,124886;25246407,HMDB00125
2.5.1.18,756000.0,,,7443,
2.5.1.18,1249.2,,,,
2.5.1.18,1670400.0,,,,
2.5.1.18,34560000.0,78673,,6629,
2.5.1.17,598320.0,,,,
2.5.1.17,1026000.0,,,,
2.5.1.17,1071360.0,,,,
2.5.1.17,598320.0,15422,C00002;D08646,5957,HMDB00538
2.5.1.17,1026000.0,15422,C00002;D08646,5957,HMDB00538
2.5.1.17,1071360.0,15422,C00002;D08646,5957,HMDB00538
4.2.1.22,22320.0,17588;58199,C00155,6971015;91552,
4.2.1.22,122400.0,17588;58199,C00155,6971015;91552,
4.2.1.22,11880.0,17588;58199,C00155,6971015;91552,
4.2.1.22,16776.0,17588;58199,C00155,6971015;91552,
4.2.1.22,45720.0,17588;58199,C00155,6971015;91552,
4.2.1.22,1872.0000000000002,17115,C00065;D00016,5951;6857581,HMDB00187
4.2.1.22,4680.0,17115,C00065;D00016,5951;6857581,HMDB00187
4.2.1.22,9000.0,17115,C00065;D00016,5951;6857581,HMDB00187
4.2.1.22,13212.0,17115,C00065;D00016,5951;6857581,HMDB00187
4.2.1.22,19440.0,17115,C00065;D00016,5951;6857581,HMDB00187
4.2.1.22,27000.0,17115,C00065;D00016,5951;6857581,HMDB00187
4.2.1.22,50436.0,17115,C00065;D00016,5951;6857581,HMDB00187
4.2.1.22,70920.0,17115,C00065;D00016,5951;6857581,HMDB00187
2.7.4.14,108000.0,15918,C00239,13945,HMDB01202
2.7.4.14,262800.0,15918,C00239,13945,HMDB01202
2.7.4.14,162000.0,,,65177,
2.7.4.14,540000.0,,,65177,
2.7.4.14,50400.0,,,515708,
2.7.4.14,129600.0,,,515708,
2.7.4.14,331200.0,16695,C00105,6030,HMDB00288
2.7.4.14,468000.0,16695,C00105,6030,HMDB00288
2.7.4.14,259200.0,17361,C00055,6131,HMDB00095
2.7.4.14,468000.0,17361,C00055,6131,HMDB00095
1.2.4.4,11880.0,16530,C00141,49,HMDB00019
1.2.4.4,33840.0,16530,C00141,49,HMDB00019
1.2.4.4,713.88,16530,C00141,49,HMDB00019
1.11.1.9,52128.00000000001,16856;60836,C00051;C02471;D00014,124886;25246407,HMDB00125
1.11.1.9,70200.0,16856;60836,C00051;C02471;D00014,124886;25246407,HMDB00125
1.11.1.9,88200.0,16856;60836,C00051;C02471;D00014,124886;25246407,HMDB00125
1.11.1.9,798120.0,16856;60836,C00051;C02471;D00014,124886;25246407,HMDB00125
1.11.1.9,1055880.0,16856;60836,C00051;C02471;D00014,124886;25246407,HMDB00125
1.11.1.9,1302120.0,16856;60836,C00051;C02471;D00014,124886;25246407,HMDB00125
1.11.1.9,1469880.0,16856;60836,C00051;C02471;D00014,124886;25246407,HMDB00125
1.11.1.9,37980.0,16240;35924,C00027;D00008,22326046;784,HMDB03125
1.11.1.9,57671.99999999999,16240;35924,C00027;D00008,22326046;784,HMDB03125
1.11.1.9,74988.0,16240;35924,C00027;D00008,22326046;784,HMDB03125
1.11.1.9,1140120.0,16240;35924,C00027;D00008,22326046;784,HMDB03125
1.11.1.9,1602000.0,16240;35924,C00027;D00008,22326046;784,HMDB03125
1.11.1.9,2016000.0,16240;35924,C00027;D00008,22326046;784,HMDB03125
1.11.1.9,2412000.0,16240;35924,C00027;D00008,22326046;784,HMDB03125
3.1.3.18,68400.0,17150,C00988,529,HMDB00816
1.1.1.35,76680.0,15345,C00332,92153,
1.1.1.35,85680.0,15345,C00332,92153,
1.1.1.35,133200.0,15345,C00332,92153,
1.1.1.35,406800.0,15345,C00332,92153,
1.1.1.35,907200.0,15345,C00332,92153,
1.1.1.35,2454120.0,15345,C00332,92153,
1.1.1.35,4633200.0,15345,C00332,92153,
1.1.1.35,100800.0,28264,C05267,11966162,
1.1.1.35,2538000.0,15846,C00003;D00002,5893,HMDB00902
1.1.1.35,6541200.0,15846,C00003;D00002,5893,HMDB00902
1.1.1.35,334.8,18329,C12525,242332,HMDB00493
1.1.1.35,1919879.9999999998,15453,C01144,9543037,
1.1.1.35,2315880.0,15453,C01144,9543037,
1.1.1.35,86400.0,15491,C05259,169621,
1.1.1.35,39.599999999999994,16469,C00951;D00105,5757,HMDB00151
1.1.1.35,39.599999999999994,16032,C00523,5879,
5.4.2.3,6444.0,27425;44278,C20328,82313,
5.4.2.3,10584.0,27425;44278,C20328,82313,
2.4.2.28,8964.0,,,44401736,
2.4.2.28,2880.0,,,44401737,
2.4.2.28,5400.0,,,44401451,
2.4.2.28,10440.0,,,123674,
2.4.2.28,19800.0,,,44401733,
2.4.2.28,5400.0,,,14162705,
2.4.2.28,9000.0,,,44401401,
2.4.2.28,21240.0,,,9862185,
2.4.2.28,7704.0,,,44401783,
2.4.2.28,1008.0,,,11601597,
2.4.2.28,14.399999999999999,,,44401137,
2.4.2.28,5652.0,,,44401920,
2.4.2.28,8280.0,,,44401683,
2.4.2.28,144.0,,,60074385,
2.4.2.28,1.44,,,60074385,
2.4.2.28,13680.0,,,,
2.4.2.28,828.0,,,44401807,
2.4.2.28,5040.0,,,44401912,
2.4.2.28,1080.0,,,44401912,
2.4.2.28,5256.0,,,44401786,
2.4.2.28,2412.0,74046,,10041129,
2.4.2.28,12384.0,,,44401963,
2.4.2.28,3636.0,,,44401867,
2.4.2.28,17280.0,17319,C05198,439182,HMDB01983
2.4.2.28,3060.0,,,44401400,
2.4.2.28,15120.0,,,,
2.4.2.28,16560.0,17509,C00170,439176,HMDB01173
2.4.2.28,11376.000000000002,,,14162703,
2.4.2.28,8640.0,,,44401900,
3.3.1.1,23997600.0,17230;58065,C05330,49791978;778,HMDB00742
3.3.1.1,12420.0,,,,
3.3.1.1,6868800.0,,,,
3.3.1.1,23997600.0,16335,C00212;D00045,60961,HMDB00050
5.4.2.4,13.32,28907,C03339,61,
2.4.2.26,130.68,,,,
4.1.1.15,1475.9999999999998,16015;53374,C00025;D00007,33032;44272391;88747398,HMDB00148
4.1.1.15,6480.0,16015;53374,C00025;D00007,33032;44272391;88747398,HMDB00148
4.1.1.15,22320.0,16015;53374,C00025;D00007,33032;44272391;88747398,HMDB00148
4.1.1.15,27720.0,16015;53374,C00025;D00007,33032;44272391;88747398,HMDB00148
2.3.1.4,32400.0,47987,C00352,440997,
2.3.1.4,79560.0,47987,C00352,440997,
2.3.1.7,138600.0,15351,C00024,444493,HMDB01206
1.1.1.49,903600.0,18009,C00006,5886,HMDB00217
1.1.1.49,903600.0,,C00092,5958,HMDB01401
1.1.1.49,990000.0,,C00092,5958,HMDB01401
1.1.1.49,1004400.0,,C00092,5958,HMDB01401
1.1.1.49,2055600.0,,C00092,5958,HMDB01401
1.1.1.49,565200.0,4141,C01113,439404,
1.1.1.49,352800.0,,,6323443,
1.1.1.49,154800.0,84756,C06369,440992,
1.1.1.44,781.1999999999999,,C00345,91493,HMDB01316
1.1.1.41,108000.0,30887,C00311,1198,HMDB00193
1.1.1.41,108000.0,151,C00451,5318532,HMDB01874
1.1.1.41,108000.0,15846,C00003;D00002,5893,HMDB00902
1.1.1.40,407520.0,18009,C00006,5886,HMDB00217
1.1.1.40,453600.0,18009,C00006,5886,HMDB00217
1.1.1.40,488880.00000000006,18009,C00006,5886,HMDB00217
1.1.1.40,104040.0,15846,C00003;D00002,5893,HMDB00902
1.1.1.40,123048.00000000001,15846,C00003;D00002,5893,HMDB00902
1.1.1.40,183600.0,15846,C00003;D00002,5893,HMDB00902
1.1.1.40,399240.0,30797,C00149,222656,HMDB00156
3.1.3.11,60120.0,28013,C05378,10267,
3.1.3.11,74880.0,28013,C05378,10267,
3.1.3.11,78120.0,28013,C05378,10267,
3.1.3.11,84240.0,28013,C05378,10267,
3.1.3.11,84600.0,28013,C05378,10267,
2.4.1.65,32.4,,,,
2.4.1.65,1440.0,,,,
2.4.1.65,28872.0,59296,,5326971,
2.4.1.65,360.0,,,,
1.1.1.145,61.2,36715,,9922115,
1.1.1.145,7200.0,,,26731,
1.1.1.145,900.0,,,7058029,
1.1.1.145,180.0,17898,C00376,638015,HMDB01358
1.1.1.145,119879.99999999999,,,25775,
1.1.1.145,349.20000000000005,15994,C00674,222865,HMDB00899
1.1.1.145,3168.0,27418,C02617,8530,
1.1.1.145,144720.0,,,60983,
1.1.1.145,61.2,,,247732,HMDB00546
1.1.1.145,144.0,,,6451197,
1.1.1.145,504.0,,,6451197,
1.1.1.145,150120.0,,,12884,
1.1.1.145,114120.0,27539,C11129,7054,
1.1.1.145,154.79999999999998,,,10068031,
1.1.1.145,2700.0,16908,C00004,439153,
1.1.1.145,5940.0,16908,C00004,439153,
1.1.1.145,96120.0,52774,,11747,
1.1.1.145,42480.0,37454,C03243,6763,
1.1.1.145,270.0,,,179386,
1.1.1.145,119879.99999999999,,,53887514,
1.1.1.145,342.0,16330,C03917;D07456,10635,HMDB02961
1.1.1.145,3060.0,,,10315,
1.1.1.145,58680.0,,,19707,
1.1.1.145,114120.0,51507,C20226,8651,
1.1.1.145,7200.0,36812,,66093,
1.1.1.145,60120.0,66926,,541,
1.1.1.145,9720.0,,,70337,
1.1.1.145,2340.0,28869,C05377,4055,HMDB01892
1.1.1.145,72.0,15846,C00003;D00002,5893,HMDB00902
1.1.1.145,79.19999999999999,15846,C00003;D00002,5893,HMDB00902
1.1.1.145,180.0,15846,C00003;D00002,5893,HMDB00902
1.1.1.145,208.8,15846,C00003;D00002,5893,HMDB00902
1.1.1.145,215.99999999999997,15846,C00003;D00002,5893,HMDB00902
1.1.1.145,252.0,15846,C00003;D00002,5893,HMDB00902
1.1.1.145,396.0,15846,C00003;D00002,5893,HMDB00902
1.1.1.145,431.99999999999994,15846,C00003;D00002,5893,HMDB00902
1.1.1.145,7200.0,,,24840751,
1.1.1.145,13320.0,,,76996,
1.1.1.145,226.8,30154,C05479,92745,
1.1.1.145,72.0,28689,C01227;D08409,5881,
1.1.1.145,75.6,28689,C01227;D08409,5881,
1.1.1.145,180.0,28689,C01227;D08409,5881,
1.1.1.145,198.0,28689,C01227;D08409,5881,
1.1.1.145,198.0,28689,C01227;D08409,5881,
1.1.1.145,198.0,28689,C01227;D08409,5881,
1.1.1.145,215.99999999999997,28689,C01227;D08409,5881,
1.1.1.145,504.0,28689,C01227;D08409,5881,
1.1.1.145,522.0,28689,C01227;D08409,5881,
1.1.1.145,101880.0,16583,C00741,650,HMDB03407
1.1.1.145,16920.0,,,13389,
1.1.1.145,647.9999999999999,,,6971242,
1.1.1.145,323.99999999999994,27771,C05139,102030,HMDB00352
1.1.1.145,147.6,16229,C11825,228491,HMDB01471
1.1.1.145,252.0,,,71308401,
1.1.1.145,298.8,2150,C05293,11302,HMDB06770
1.1.1.145,50.4,,,165234,
1.1.1.145,277.2,16985,C03772,440114,HMDB03769
1.13.11.33,36720.0,17351,C01595,5280450,HMDB00673
1.13.11.33,64080.0,17351,C01595,5280450,HMDB00673
1.13.11.33,18360.0,15379;27140,C00007;D00003,977,HMDB01377
1.13.11.33,18720.0,15379;27140,C00007;D00003,977,HMDB01377
1.13.11.33,20160.0,15379;27140,C00007;D00003,977,HMDB01377
1.13.11.33,25200.0,15379;27140,C00007;D00003,977,HMDB01377
1.13.11.33,27360.0,15379;27140,C00007;D00003,977,HMDB01377
1.13.11.33,50400.0,15843,C00219,444899,HMDB01043
1.13.11.33,2051.9999999999995,15843,C00219,444899,HMDB01043
1.13.11.33,2232.0,15843,C00219,444899,HMDB01043
1.13.11.33,2664.0,15843,C00219,444899,HMDB01043
1.13.11.33,2700.0,15843,C00219,444899,HMDB01043
1.13.11.33,3744.0000000000005,15843,C00219,444899,HMDB01043
1.13.11.33,4968.0,15843,C00219,444899,HMDB01043
2.4.1.69,25.2,13332,C00325,10918995,
2.4.1.68,1620.0,32982;58648,,45266709;5460252,
1.2.1.48,4608.0,15846,C00003;D00002,5893,HMDB00902
1.2.1.48,3096.0,84067,,31291,
1.2.1.48,5472.0,17034,C01838,12533,HMDB02384
1.2.1.48,5040.0,,,5364495,
1.2.1.48,3348.0000000000005,15894;24012,C03461,5280598,
1.2.1.48,8028.000000000001,27836,C02278,8194,
1.2.1.48,3420.0,17600,C00517,984,HMDB01551
1.2.1.48,7848.000000000001,31457,C12307,8175,HMDB11623
2.4.2.8,147.6,29888,C00013,1023;21961011,
2.4.2.8,4068.0,17368,C00262,790,HMDB00157
2.4.2.8,9360.0,17368,C00262,790,HMDB00157
2.4.2.8,20520.0,17368,C00262,790,HMDB00157
2.4.2.8,136.79999999999998,17202,C00130,8582,HMDB00175
2.4.2.8,9000.0,17111,C00119,7339,HMDB00280
2.4.2.8,4320.0,16235,C00242,764,HMDB00132
2.4.2.8,37800.0,16235,C00242,764,HMDB00132
2.4.2.8,10440.0,17712;48517,C00385,1188,HMDB00292
3.6.1.23,20880.0,17625,C00460,65070,HMDB01191
3.6.1.23,33012.0,17625,C00460,65070,HMDB01191
2.4.2.4,565.2,17748,C00214,5789,HMDB00273
2.4.2.4,10367.999999999998,,,,
1.6.99.3,2437200.0,5020,C00324,,
3.6.1.28,504000.0,,,18989;76968449,
3.6.1.28,864000.0,,,18989;76968449,
3.6.1.28,863.9999999999999,15422,C00002;D08646,5957,HMDB00538
2.7.1.6,31320.0,,C00124,6036,
2.7.1.6,31320.0,,C00124,6036,
2.7.1.6,31320.0,15422,C00002;D08646,5957,HMDB00538
2.7.1.1,104400.0,,,7057906,
2.7.1.1,194400.0,15422,C00002;D08646,5957,HMDB00538
2.7.1.1,224280.0,15422,C00002;D08646,5957,HMDB00538
2.7.1.1,647.9999999999999,,C00031;D00009,5793,HMDB00122
2.7.1.1,104400.0,,C00031;D00009,5793,HMDB00122
2.7.1.1,133200.0,,C00031;D00009,5793,HMDB00122
2.7.1.1,136800.0,,C00031;D00009,5793,HMDB00122
2.7.1.1,136800.0,,C00031;D00009,5793,HMDB00122
2.7.1.1,217440.0,,C00031;D00009,5793,HMDB00122
2.7.1.1,230400.0,,C00031;D00009,5793,HMDB00122
2.7.1.1,266400.0,,C00031;D00009,5793,HMDB00122
2.7.1.1,270000.0,,C00031;D00009,5793,HMDB00122
2.7.1.1,363600.0,,C00031;D00009,5793,HMDB00122
2.7.1.3,27360.0,,C00310,439204,HMDB03371
2.7.1.3,39960.0,,C00310,439204,HMDB03371
2.7.1.3,18720.0,13172,,6904,
2.7.1.3,23400.0,13172,,6904,
2.7.1.3,17280.0,17173,,151261,HMDB00621
2.7.1.3,27360.0,17173,,151261,HMDB00621
2.7.1.3,6120.0,,C00095,439163,
2.7.1.3,21240.0,,C00095,439163,
2.7.1.3,24840.0,,C00095,439163,
2.7.1.3,27360.0,,C00095,439163,
2.7.1.3,5580.0,,C00121,5779,HMDB00283
2.7.1.3,29519.999999999996,,C00121,5779,HMDB00283
5.4.99.2,540000.0,,,,
5.4.99.2,1018800.0,,,,
2.7.1.107,313.2,77097,,6441562,HMDB07161
2.7.1.107,4428.0,77097,,6441562,HMDB07161
2.7.1.107,10080.0,77097,,6441562,HMDB07161
2.7.1.107,115.19999999999999,52333,,9543716,HMDB07218
2.7.1.107,4320.0,52333,,9543716,HMDB07218
2.7.1.107,8748.0,52333,,9543716,HMDB07218
2.7.1.107,36.0,15422,C00002;D08646,5957,HMDB00538
2.7.1.107,29519.999999999996,15422,C00002;D08646,5957,HMDB00538
2.7.1.107,82800.0,15422,C00002;D08646,5957,HMDB00538
2.7.1.107,8460.0,,,191288,
2.7.1.107,583.2,,,,
2.7.1.107,6120.0,,,,
2.7.1.107,20520.0,,,,
2.7.1.74,107.99999999999999,,,73339,
2.7.1.74,367.19999999999993,,,73339,
2.7.1.74,637.1999999999999,,D07966,657237,
2.7.1.74,4802.400000000001,,D07966,657237,
2.7.1.74,118.8,15698,C00881,13711,HMDB00014
2.7.1.74,144.0,15698,C00881,13711,HMDB00014
2.7.1.74,158.39999999999998,15698,C00881,13711,HMDB00014
2.7.1.74,53.99999999999999,15698,C00881,13711,HMDB00014
2.7.1.74,75.6,15698,C00881,13711,HMDB00014
2.7.1.74,230.39999999999998,15698,C00881,13711,HMDB00014
2.7.1.74,342.0,,D06255,454194,
2.7.1.74,1188.0,17256,C00559,13730,HMDB00101
2.7.1.74,1332.0,17256,C00559,13730,HMDB00101
2.7.1.74,2772.0,17256,C00559,13730,HMDB00101
2.7.1.74,6120.0,17256,C00559,13730,HMDB00101
2.7.1.74,7560.0,17256,C00559,13730,HMDB00101
2.7.1.74,7668.0,17256,C00559,13730,HMDB00101
2.7.1.74,11160.0,17256,C00559,13730,HMDB00101
2.7.1.74,43.199999999999996,15422,C00002;D08646,5957,HMDB00538
2.7.1.74,100.8,15422,C00002;D08646,5957,HMDB00538
2.7.1.74,107.99999999999999,15422,C00002;D08646,5957,HMDB00538
2.7.1.74,118.8,15422,C00002;D08646,5957,HMDB00538
2.7.1.74,342.0,15422,C00002;D08646,5957,HMDB00538
2.7.1.74,1440.0,15422,C00002;D08646,5957,HMDB00538
2.7.1.74,1584.0,175901,C07650;D02368,60750,
2.7.1.74,1404.0000000000002,175901,C07650;D02368,60750,
2.7.1.74,36.0,15713,C00075,6133,HMDB00285
2.7.1.74,176.4,15713,C00075,6133,HMDB00285
2.7.1.74,367.19999999999993,15713,C00075,6133,HMDB00285
2.7.1.74,644.4,15713,C00075,6133,HMDB00285
2.7.1.74,1224.0000000000002,,,16760387,
2.7.1.74,1188.0,17172,C00330,187790,HMDB00085
2.7.1.74,1908.0,17172,C00330,187790,HMDB00085
2.7.1.74,2628.0,17172,C00330,187790,HMDB00085
2.7.1.74,9000.0,17172,C00330,187790,HMDB00085
2.7.1.74,9360.0,17172,C00330,187790,HMDB00085
2.7.1.74,9360.0,17172,C00330,187790,HMDB00085
2.7.1.74,11736.0,17172,C00330,187790,HMDB00085
2.7.1.74,1749.6,681569,D03546,119182,
2.7.1.74,3996.0000000000005,681569,D03546,119182,
2.7.1.74,1368.0,17748,C00214,5789,HMDB00273
2.7.1.74,1332.0,567361,D01370,20279,
2.7.1.74,2160.0,567361,D01370,20279,
2.7.1.74,289.44,567361,D01370,20279,
2.7.1.74,619.1999999999999,567361,D01370,20279,
2.7.1.74,612.0000000000001,28680,C02961;D00168,6253,
2.7.1.74,1080.0,28680,C02961;D00168,6253,
2.7.1.74,1152.0,28680,C02961;D00168,6253,
1.1.1.205,83.88000000000001,17202,C00130,8582,HMDB00175
1.1.1.205,107.99999999999999,17202,C00130,8582,HMDB00175
1.1.1.205,647.9999999999999,17202,C00130,8582,HMDB00175
1.1.1.205,1116.0,17202,C00130,8582,HMDB00175
1.1.1.205,5040.0,17202,C00130,8582,HMDB00175
1.1.1.205,5292.0,17202,C00130,8582,HMDB00175
1.1.1.205,6480.0,17202,C00130,8582,HMDB00175
1.1.1.205,78.12,15846,C00003;D00002,5893,HMDB00902
1.1.1.205,90.0,15846,C00003;D00002,5893,HMDB00902
1.1.1.205,1404.0000000000002,15846,C00003;D00002,5893,HMDB00902
3.2.1.31,936.0000000000001,,,,
3.2.1.31,5940.0,,,11641481,
3.2.1.31,1260.0,,,29979359,
3.2.1.31,2412.0,,,82565,
3.2.1.31,2340.0,75721,,5318759,
3.2.1.31,3852.0,,,11316354,
3.2.1.31,6840.0,66395,,5274585,
2.6.1.44,792.0,17561;35235;47910;58717;61894,C00097;D00026,5862;6419722,HMDB00574
2.6.1.44,244.8,16891;35910;53274,C00048,760,HMDB00119
2.6.1.44,39960.0,16891;35910;53274,C00048,760,HMDB00119
2.6.1.44,65880.0,16891;35910;53274,C00048,760,HMDB00119
2.6.1.44,73800.0,16891;35910;53274,C00048,760,HMDB00119
2.6.1.44,133200.0,16891;35910;53274,C00048,760,HMDB00119
2.6.1.44,133200.0,16891;35910;53274,C00048,760,HMDB00119
2.6.1.44,140400.0,16891;35910;53274,C00048,760,HMDB00119
2.6.1.44,144000.0,16891;35910;53274,C00048,760,HMDB00119
2.6.1.44,162000.0,16891;35910;53274,C00048,760,HMDB00119
2.6.1.44,162000.0,16891;35910;53274,C00048,760,HMDB00119
2.6.1.44,162000.0,16891;35910;53274,C00048,760,HMDB00119
2.6.1.44,252.0,16977;57972,C00041;D00012,5950;7311724,HMDB00161
2.6.1.44,38160.0,16977;57972,C00041;D00012,5950;7311724,HMDB00161
2.6.1.44,61560.0,16977;57972,C00041;D00012,5950;7311724,HMDB00161
2.6.1.44,71280.0,16977;57972,C00041;D00012,5950;7311724,HMDB00161
2.6.1.44,118800.0,16977;57972,C00041;D00012,5950;7311724,HMDB00161
2.6.1.44,118800.0,16977;57972,C00041;D00012,5950;7311724,HMDB00161
2.6.1.44,120960.0,16977;57972,C00041;D00012,5950;7311724,HMDB00161
2.6.1.44,126000.0,16977;57972,C00041;D00012,5950;7311724,HMDB00161
2.6.1.44,162000.0,16977;57972,C00041;D00012,5950;7311724,HMDB00161
2.6.1.44,162000.0,16977;57972,C00041;D00012,5950;7311724,HMDB00161
2.6.1.44,162000.0,16977;57972,C00041;D00012,5950;7311724,HMDB00161
2.6.1.44,1188.0,15428;15705;16228;46874;59869;59871;62031;66884;66933,C00037;D00011,5257127;750,HMDB00123
2.6.1.44,1295.9999999999998,32816,C00022,1060,HMDB00243
4.1.1.9,46800.0,15531;84127,C00083;C03188,644066,
4.1.1.9,170280.0,15531;84127,C00083;C03188,644066,
2.6.1.42,1335600.0,17191;58045,C00407;D00065,6306;7043901,HMDB00172
2.6.1.42,3870000.0,17191;58045,C00407;D00065,6306;7043901,HMDB00172
2.6.1.42,1224000.0,30915,C00026,51,HMDB00208
2.6.1.42,1213200.0,15603;57427,C00123;D00030,6106;7045798,HMDB00687
2.6.1.42,3232800.0,15603;57427,C00123;D00030,6106;7045798,HMDB00687
2.6.1.42,1044000.0,16015;53374,C00025;D00007,33032;44272391;88747398,HMDB00148
2.6.1.42,3870000.0,16015;53374,C00025;D00007,33032;44272391;88747398,HMDB00148
2.6.1.42,997200.0,16414;57762,C00183;D00039,6287;6971018;88733505,HMDB00883
2.6.1.42,4449600.0,16414;57762,C00183;D00039,6287;6971018;88733505,HMDB00883
1.1.1.105,72.0,17336,C00473;C17276;D06543,445354,HMDB00305
1.5.1.34,39240.0,,,13844706,
1.5.1.34,85320.0,,,13844706,
1.5.1.34,104040.0,,,13844706,
1.5.1.34,406800.0,,,13844706,
1.5.1.34,1836000.0,,,73579,
1.5.1.34,1008000.0,16908,C00004,439153,
1.5.1.34,720000.0,59560,C00272;D08505,44257,
1.5.1.34,39240.0,,C00268,133246,HMDB02215
1.5.1.34,85320.0,,C00268,133246,HMDB02215
1.5.1.34,104040.0,,C00268,133246,HMDB02215
1.5.1.34,406800.0,,C00268,133246,HMDB02215
4.1.2.13,39.599999999999994,28013,C05378,10267,
4.1.2.13,104.4,28013,C05378,10267,
4.1.2.13,684.0,28013,C05378,10267,
4.1.2.13,2196.0,28013,C05378,10267,
4.1.2.13,7560.0,28013,C05378,10267,
4.1.2.13,18720.0,28013,C05378,10267,
4.1.2.13,45360.0,28013,C05378,10267,
4.1.2.13,60120.0,28013,C05378,10267,
4.1.2.13,72360.0,28013,C05378,10267,
4.1.2.13,214920.0,28013,C05378,10267,
4.1.2.13,28.799999999999997,,,10400369,HMDB01076
4.1.2.13,68.39999999999999,,,10400369,HMDB01076
4.1.2.13,431.99999999999994,,,10400369,HMDB01076
4.1.2.13,2412.0,,,10400369,HMDB01076
4.1.2.13,7200.0,,,10400369,HMDB01076
4.1.2.13,10080.0,,,10400369,HMDB01076
4.1.2.13,21888.0,,,10400369,HMDB01076
4.1.2.13,4608.0,,,10400369,HMDB01076
4.1.2.13,5328.0,,,10400369,HMDB01076
4.1.2.13,38880.0,,,10400369,HMDB01076
2.7.7.2,252.0,,,,
2.7.7.2,12.959999999999999,17621,C00061,643976,HMDB01520
2.7.7.2,12.959999999999999,17621,C00061,643976,HMDB01520
2.7.7.2,17.279999999999998,17621,C00061,643976,HMDB01520
2.7.7.2,72.0,17621,C00061,643976,HMDB01520
2.7.7.2,280.79999999999995,17621,C00061,643976,HMDB01520
2.7.7.2,288.0,17621,C00061,643976,HMDB01520
2.7.7.1,9000.0,15422,C00002;D08646,5957,HMDB00538
2.7.7.1,31680.0,15422,C00002;D08646,5957,HMDB00538
2.7.7.1,194040.0,15422,C00002;D08646,5957,HMDB00538
2.7.7.1,9000.0,14648,,14181,
2.7.7.1,31680.0,14648,,14181,
2.7.7.1,193680.0,14648,,14181,
2.7.7.1,13680.0,15763,C01185,121992,
2.7.7.1,24840.0,15763,C01185,121992,
2.7.7.1,154440.0,15763,C01185,121992,
2.7.7.1,1512.0,,,10020119,
2.7.7.1,1980.0,,,10020119,
2.7.7.1,53640.0,,,10020119,
2.7.7.1,11880.0,74452,,9974249,
2.7.7.1,25920.0,74452,,9974249,
2.7.7.1,66960.0,74452,,9974249,
2.7.7.30,9360.0,,,,
2.7.7.30,72.0,,,,
2.7.7.30,1152.0,,,24984804,
2.7.7.30,12960.0,12387,C02985,65369,
2.7.7.30,720.0,35374,,644175,HMDB06330
2.7.7.30,972.0000000000002,,,,
2.7.7.30,756.0,,,54515863,
2.7.7.30,32.4,15422,C00002;D08646,5957,HMDB00538
2.7.7.30,1152.0,16077,,439165,HMDB01586
2.7.7.30,1440.0,,,57148008,
2.7.7.30,647.9999999999999,,,10404962,
2.7.7.30,828.0,37480,C03384,439995,
2.7.7.30,107.99999999999999,10049,C00700,439296,HMDB00293
2.7.7.30,323.99999999999994,,,,
2.7.7.30,107.99999999999999,,,10400369,HMDB01076
2.7.7.30,4320.0,16039,C00081,8583,HMDB00189
2.7.7.30,5400.0,,,,
2.7.7.30,32.4,,,,
2.7.7.30,9000.0,15996,C00044,6830,HMDB01273
2.7.7.30,9000.0,15996,C00044,6830,HMDB01273
2.7.7.30,1044.0,,,,
5.3.3.5,1522.8,18252,C05437,92746,HMDB06271
4.1.1.28,8928.0,18243,C03758;D07870,681,HMDB00073
4.1.1.28,252.0,15765;57504,C00355;D00059,6047;6971033,HMDB00181
1.3.3.4,180.0,15435,C01079,121893,HMDB01097
1.3.3.4,630.0,15435,C01079,121893,HMDB01097
1.3.3.4,630.0,15435,C01079,121893,HMDB01097
1.3.3.4,630.0,15435,C01079,121893,HMDB01097
2.5.1.22,115200.0,16610,C00315,1102,HMDB01257
2.5.1.22,115200.0,16610,C00315,1102,HMDB01257
1.15.1.1,16560000.0,,,,
1.15.1.1,144000000.0,,,,
1.5.5.1,283680.0,,C00399,5280346,HMDB06709
1.5.5.1,127800.0,,,5283545,HMDB06710
1.5.5.1,77040.0,,,,
1.5.5.1,267480.0,52020,C15494,2971,
1.5.5.1,120600.0,16389,,4462,HMDB02012
3.1.6.2,23328.0,16814,C04555,12594,HMDB01032
2.7.3.2,186120.0,16919;57947,C00300,586;59098743,HMDB00064
2.7.3.2,270000.0,16919;57947,C00300,586;59098743,HMDB00064
2.7.3.2,496800.0,16919;57947,C00300,586;59098743,HMDB00064
2.7.3.2,612000.0,16919;57947,C00300,586;59098743,HMDB00064
2.7.3.2,856800.0,16919;57947,C00300,586;59098743,HMDB00064
2.7.3.2,1501200.0,16919;57947,C00300,586;59098743,HMDB00064
2.7.3.2,281880.0,16761,C00008,6022,HMDB01341
2.7.3.2,324000.0,16761,C00008,6022,HMDB01341
2.7.3.2,1260000.0,16761,C00008,6022,HMDB01341
2.7.3.2,1739880.0,16761,C00008,6022,HMDB01341
2.7.3.2,186120.0,15422,C00002;D08646,5957,HMDB00538
2.7.3.2,270000.0,15422,C00002;D08646,5957,HMDB00538
2.7.3.2,273600.0,15422,C00002;D08646,5957,HMDB00538
2.7.3.2,316800.0,15422,C00002;D08646,5957,HMDB00538
2.7.3.2,414000.0,15422,C00002;D08646,5957,HMDB00538
2.7.3.2,514800.0,15422,C00002;D08646,5957,HMDB00538
2.7.3.2,558000.0,15422,C00002;D08646,5957,HMDB00538
2.7.3.2,281880.0,17287,C02305,5359254;587;9548602,HMDB01511
2.7.3.2,324000.0,17287,C02305,5359254;587;9548602,HMDB01511
2.7.3.2,1260000.0,17287,C02305,5359254;587;9548602,HMDB01511
2.7.3.2,1739880.0,17287,C02305,5359254;587;9548602,HMDB01511
1.1.1.22,5040.0,46229;52249,C00029,8629,
1.1.1.22,6480.0,15846,C00003;D00002,5893,HMDB00902
1.6.5.5,10080.0,34055,C14783,10667,
1.6.5.5,756.0,,,5317045,
1.6.5.5,5976.0,15368;51688;51689,C01471,7847,
1.6.5.5,1008.0,,,10460,
1.6.5.5,396.0,,,17166,
1.6.5.5,4788.000000000001,,,5283314,
1.6.5.5,720.0,61722,,5364752,
1.6.5.5,720.0,,,637920,HMDB01184
1.6.5.5,4140.0,32585;58968,,5283344,HMDB04362
1.6.5.5,7920.0,37454,C03243,6763,
1.6.5.5,576.0,48058,C20701,6570,
3.5.4.4,648000.0,16335,C00212;D00045,60961,HMDB00050
3.4.11.4,2016.0,,,10158928,
3.4.11.4,19080.0,,,10135684,
1.14.13.8,82.8,,D08584,9568512,
1.14.13.8,306.00000000000006,,D08584,9568512,
1.14.13.8,4806.0,,D08584,9568512,
1.14.13.8,3502.7999999999997,4885,C07665;D00591,2761171,
1.14.13.8,136.79999999999998,50673,C07190;D00401,1349907,
1.14.13.8,154.79999999999998,50673,C07190;D00401,1349907,
1.14.13.8,1890.0,50673,C07190;D00401,1349907,
1.14.11.1,1404.0000000000002,30915,C00026,51,HMDB00208
1.14.11.1,1980.0,30915,C00026,51,HMDB00208
1.14.11.1,18360.0,30915,C00026,51,HMDB00208
1.14.11.2,21600.0,,,,
1.14.11.2,28080.0,,,,
1.14.11.2,792.0,,,,
1.14.11.2,15120.0,,,,
1.14.11.2,540.0,,,,
1.5.1.2,198000.0,18009,C00006,5886,HMDB00217
1.5.1.2,36000.0,,,7000109;94284,
1.5.1.3,183600.0,16474,C00005,5884,
1.5.1.3,29988.0,15633,C00415,98792,HMDB01056
1.5.1.3,36000.0,15633,C00415,98792,HMDB01056
1.5.1.3,36000.0,15633,C00415,98792,HMDB01056
1.5.1.3,183600.0,15633,C00415,98792,HMDB01056
1.5.1.3,3888.000000000001,27470,C00504;D00070,6037,HMDB00121
1.5.1.5,13680.0,18009,C00006,5886,HMDB00217
1.5.1.5,36000.0,18009,C00006,5886,HMDB00217
1.5.1.5,11520.0,20502,,108194,
1.5.1.5,33840.0,20502,,108194,
3.4.21.35,12.6,,,,
3.4.21.35,21960.0,,,21125192,
3.4.21.35,111.6,,,,
3.4.21.35,26.999999999999996,,,53714117,
3.4.21.35,23.4,,,,
3.4.21.35,1188.0,,,,
3.4.21.35,144.0,,,,
3.4.21.35,63720.0,,,,
3.4.21.35,11160.0,,,,
3.4.21.35,13.68,,,87354148,
3.4.21.35,2628.0,,,,
3.4.21.35,431.99999999999994,,,,
3.4.21.35,3301.2000000000003,,,,
3.4.21.35,96.12,,,,
6.4.1.2,558.0,15422,C00002;D08646,5957,HMDB00538
6.4.1.2,691.1999999999999,15351,C00024,444493,HMDB01206
6.4.1.2,36360.0,15351,C00024,444493,HMDB01206
6.4.1.2,42480.0,15351,C00024,444493,HMDB01206
3.4.21.39,201600.0,,,,
3.4.21.39,201600.0,,,,
3.4.21.39,309600.0,,,,
3.4.21.39,27000.0,,,,
3.4.21.39,68400.0,,,,
3.4.21.39,244800.0,,,,
3.4.21.39,36000.0,,,,
3.4.21.39,234000.0,,,5496888,
3.4.21.39,9000.0,,,5496888,
3.4.21.39,12960.0,,,5496888,
3.4.21.39,360000.0,,,,
3.4.21.39,576000.0,,,,
3.4.21.39,88920.0,,,,
3.4.21.39,92160.0,,,,
3.4.21.39,208800.0,,,,
3.4.21.39,432000.0,,,,
3.4.21.39,75600.0,,,,
3.4.21.39,75600.0,,,,
3.4.21.39,190800.0,,,,
3.4.21.39,284400.0,,,,
3.4.21.39,14040.0,,,,
3.4.21.39,270000.0,,,,
3.4.21.39,270000.0,,,,
3.4.21.39,14400.0,,,,
3.4.21.39,136800.0,,,,
3.4.21.39,277200.0,,,,
3.4.21.39,36000.0,,,,
3.4.21.39,4320.0,,,,
3.4.21.39,31320.0,,,,
3.4.21.39,31320.0,,,,
3.4.21.39,30240.0,,,,
3.4.21.39,24120.0,,,,
3.4.21.39,22320.0,,,,
3.4.21.39,756000.0,,,,
3.4.21.39,82800.0,,,,
3.4.21.39,50400.0,,,,
3.4.21.39,234000.0,2718,C00873,3081372;90657349,
3.4.21.39,504000.0,2718,C00873,3081372;90657349,
3.4.21.39,514800.0,2718,C00873,3081372;90657349,
3.4.21.39,21240.0,,,,
3.4.21.39,219600.0,,,,
3.4.21.39,9000.0,,,,
3.4.21.39,69480.0,,,89854604,
3.4.21.39,183600.0,,,,
3.4.21.39,514800.0,,,68578808,
3.3.2.6,144.0,,,151405,
3.3.2.6,2160.0,,,150936,
3.3.2.6,6120.0,,,150936,
3.3.2.6,6840.0,,,541605,
3.3.2.6,2016.0,,,10158928,
3.3.2.6,540.0,,,195970,
3.3.2.6,540.0,,,,
3.3.2.6,1260.0,,,,
3.3.2.6,540.0,15651,C00909,5280383,HMDB01337
3.3.2.6,3060.0,15651,C00909,5280383,HMDB01337
3.3.2.6,3060.0,15651,C00909,5280383,HMDB01337
3.3.2.6,5400.0,15651,C00909,5280383,HMDB01337
3.3.2.6,7488.000000000001,15651,C00909,5280383,HMDB01337
3.3.2.6,540.0,,,7408106,
3.3.2.6,6840.0,,,7408187,
4.2.1.47,2880.0,15820,C00096,18396,HMDB01163
1.13.11.52,3132.0,16828;57912,C00078;D00020,6305;6923516,HMDB00929
1.13.11.52,3600.0,16828;57912,C00078;D00020,6305;6923516,HMDB00929
1.13.11.52,4680.0,16828;57912,C00078;D00020,6305;6923516,HMDB00929
1.13.11.52,5040.0,16828;57912,C00078;D00020,6305;6923516,HMDB00929
1.13.11.52,5040.0,16828;57912,C00078;D00020,6305;6923516,HMDB00929
1.13.11.52,6120.0,16828;57912,C00078;D00020,6305;6923516,HMDB00929
1.13.11.52,7920.0,16828;57912,C00078;D00020,6305;6923516,HMDB00929
1.13.11.52,8064.0,16828;57912,C00078;D00020,6305;6923516,HMDB00929
1.13.11.52,9000.0,16828;57912,C00078;D00020,6305;6923516,HMDB00929
1.13.11.52,10800.0,16828;57912,C00078;D00020,6305;6923516,HMDB00929
1.13.11.52,11160.0,16828;57912,C00078;D00020,6305;6923516,HMDB00929
1.13.11.52,11520.0,16828;57912,C00078;D00020,6305;6923516,HMDB00929
1.13.11.52,12240.0,16828;57912,C00078;D00020,6305;6923516,HMDB00929
1.13.11.52,12600.0,16828;57912,C00078;D00020,6305;6923516,HMDB00929
1.13.11.52,15120.0,16828;57912,C00078;D00020,6305;6923516,HMDB00929
1.13.11.52,23040.0,16828;57912,C00078;D00020,6305;6923516,HMDB00929
1.13.11.52,29160.0,16828;57912,C00078;D00020,6305;6923516,HMDB00929
1.13.11.52,36000.0,16828;57912,C00078;D00020,6305;6923516,HMDB00929
1.13.11.52,43200.0,16828;57912,C00078;D00020,6305;6923516,HMDB00929
1.13.11.52,90.0,17780;58266,C00643;D07339,439280;6971044,
1.13.11.52,2736.0,,,688357;6921698,
1.13.11.52,230.39999999999998,,,676159;6920150,
1.13.11.52,13607.999999999998,,,150990;6950483,
1.13.11.52,720.0,16296;57719,C00525,6923517;9060,HMDB13609
1.13.11.52,14148.0,16296;57719,C00525,6923517;9060,HMDB13609
1.13.11.52,21240.0,16296;57719,C00525,6923517;9060,HMDB13609
1.13.11.52,10440.0,15379;27140,C00007;D00003,977,HMDB01377
5.3.1.8,10800.0,49728,,439198,HMDB01078
1.13.11.5,36360.0,,C00544,780,HMDB00130
1.13.11.5,115920.00000000001,,C00544,780,HMDB00130
1.13.11.5,156240.0,,C00544,780,HMDB00130
3.4.17.1,12348.0,,,42785,
3.4.17.1,47880.0,,,,
3.4.17.1,151.2,82635,,13243,
3.4.17.1,5220.0,,,123789,
3.4.17.1,173880.0,,,6998938,
3.4.17.1,403200.0,,,6998938,
3.4.17.1,159480.0,,,13859094,
3.4.17.1,87480.0,,,7019922,
3.4.17.1,48240.0,,,,
3.4.17.1,206280.0,,,,
3.4.17.1,69840.0,,,,
3.4.17.1,863.9999999999999,,,25077406,
3.4.17.1,8388.0,,,461776,HMDB01045
3.4.17.1,86040.0,,,,
3.4.17.1,42120.0,,,6994977,
3.4.17.1,240120.0,,,6994977,
3.4.17.1,44640.0,,,,
3.4.17.1,29628.0,2718,C00873,3081372;90657349,
4.1.1.23,2700.0,15842,C01103,160617,HMDB00218
4.1.1.23,29160.0,15842,C01103,160617,HMDB00218
5.1.99.4,34.199999999999996,,,,
5.1.99.4,53.99999999999999,,,,
5.1.99.4,111.6,,,25207850,
5.1.99.4,252.0,,,25207850,
2.6.1.5,4320.0,15999,C01179,979,HMDB00707
2.6.1.5,3600.0,17895;58315,C00082;D00022,6057;6942100,HMDB00158
2.6.1.5,298800.0,17895;58315,C00082;D00022,6057;6942100,HMDB00158
2.6.1.5,13680.0,16015;53374,C00025;D00007,33032;44272391;88747398,HMDB00148
2.6.1.5,248400.0,16015;53374,C00025;D00007,33032;44272391;88747398,HMDB00148
2.6.1.5,900.0,30915,C00026,51,HMDB00208
1.13.11.20,6120.0,17561;35235;47910;58717;61894,C00097;D00026,5862;6419722,HMDB00574
3.5.1.14,5.3999999999999995,,,29900275,
3.5.1.14,58320.0,,,28126075,
3.5.1.14,22.428,,,40617599,
3.5.1.14,92520.0,,,21117855,
3.5.1.14,57960.00000000001,,,12072126,
3.5.1.14,1904.4,,,30046702,
3.5.1.14,21888.0,,,30046702,
3.5.1.14,8028.000000000001,45826,,152204,
3.5.1.14,561600.0,,,6995109,
3.5.1.14,44640.0,,,181735,
3.5.1.14,199800.0,17786,C02710,70912,HMDB11756
3.5.1.14,47880.0,,,29896777,
3.5.1.14,110520.0,21553,D07063,182230,
3.5.1.14,378.0,,,30050807,
3.5.1.14,504.0,16259,C03519,74839,HMDB00512
3.5.1.14,36.36,,,11345724,
3.5.1.14,500400.0,,,6453068,
3.5.1.14,108000.0,28939;47911,C06809;D00221,12035,HMDB01890
3.5.1.14,101160.0,28939;47911,C06809;D00221,12035,HMDB01890
3.5.1.14,432000.0,,,,
3.5.1.14,4320.0,16437,C02997,51669405;75619,
3.5.1.14,234000.0,21557,C02712,448580,
3.5.1.14,137880.0,21557,C02712,448580,
3.5.1.14,137880.0,21557,C02712,448580,
3.5.1.14,540000.0,,,,
3.5.1.14,52920.0,,,66789,
3.5.1.14,637200.0,16552,C03145,439750,
3.5.1.14,561600.0,17533,C00624,70914,
3.5.1.14,561600.0,17533,C00624,70914,
3.5.1.14,114120.0,21501;40410,,10972,HMDB00532
3.5.1.14,568.8000000000001,,,98774,
3.5.1.14,288000.0,,,,
3.4.11.2,1090800.0,,,688372,
3.1.3.4,1274400.0,62833,,9547180,
3.1.3.4,637200.0,62837,,5311263,HMDB07855
3.1.3.5,475200.0,17345,C00144,6804,HMDB01397
3.1.3.5,1040400.0,16695,C00105,6030,HMDB00288
3.1.3.5,68400.0,17596,C00294;D00054,6021,HMDB00195
3.1.3.5,79200.0,17596,C00294;D00054,6021,HMDB00195
3.1.3.5,374400.0,17202,C00130,8582,HMDB00175
3.1.3.5,673200.0,16027,C00020;D02769,6083,HMDB00045
3.1.3.5,144000.0,17013,C00364,9700,HMDB01227
3.1.3.5,626400.0,17713,C00360,12599,HMDB00905
3.1.3.5,82.8,63580,D00423,37542,
3.1.3.5,97.19999999999999,63580,D00423,37542,
3.1.3.5,241.20000000000002,63580,D00423,37542,
3.1.3.5,540.0,63580,D00423,37542,
3.1.3.5,727200.0,17361,C00055,6131,HMDB00095
3.1.3.2,208800.0,17239,C00112,6132,HMDB01546
3.1.3.2,334800.0,17677,C00063,6176,HMDB00082
3.1.3.2,435600.0,,,65118,
3.1.3.2,428400.0,15713,C00075,6133,HMDB00285
3.1.3.2,248400.0,18075,C00363,164628,HMDB01274
3.1.3.2,712800.0,17440,C03360,378,
3.1.3.2,428400.0,15422,C00002;D08646,5957,HMDB00538
3.1.3.2,190800.0,75442,,2115,
3.1.3.2,284400.0,17659,C00015,6031,HMDB00295
3.1.3.2,309600.0,17552,C00035,8977,HMDB01201
3.1.3.2,392400.0,,,74975,
3.1.3.2,7200.0,,C00074,1005;58114173;59658623,HMDB00263
3.1.3.2,262800.0,16761,C00008,6022,HMDB01341
3.1.3.2,385200.0,18077,C00459,64968,HMDB01342
3.1.3.2,223200.0,37548,C02734,12793,
3.1.3.2,406800.0,15996,C00044,6830,HMDB01273
4.1.3.4,378.0,15467;61659,C00356,445127,
4.1.3.4,457.2,15467;61659,C00356,445127,
3.1.1.7,23400000.0,,,20544,
3.1.1.2,1450800.0,,,54503630,
3.1.1.2,93600.0,82635,,13243,
3.1.1.2,4680000.0,82635,,13243,
3.1.1.2,522000.0,,,142115,
3.1.1.2,2055600.0,,,136542,
3.1.1.2,1440.0,40116,,7997,
3.1.1.2,972.0000000000002,31328,C12304,31272,
3.1.1.2,2951.9999999999995,,,137074,
3.1.1.2,1800.0,,,10016,
3.1.1.2,871.1999999999999,27750,C00849,8857,
3.1.1.2,3600.0,,,75153,
3.1.1.2,421200.0,,,13410,
3.1.1.2,14400.0,,,136256,
3.1.1.2,878.4000000000001,,,,
3.1.1.2,2.88,52051,C15513,8785,
3.1.1.2,72.0,52051,C15513,8785,
3.1.1.2,93600.0,,,70144,
3.1.1.2,1202400.0,,,2779528,
3.1.1.2,82800.0,,,83062,
3.1.1.2,450000.0,,,294521,
3.1.1.2,64800.0,,,11393,
3.1.1.2,212400.0,,,,
3.1.1.2,244800.0,9627,C01963,8797,
3.1.1.2,1634400.0,8082,C00548;C15583,31229,
3.1.1.2,1810800.0,8082,C00548;C15583,31229,
3.1.1.2,2372400.0,8082,C00548;C15583,31229,
3.1.1.2,2512800.0,8082,C00548;C15583,31229,
3.1.1.2,2865600.0,8082,C00548;C15583,31229,
3.1.1.2,3036960.0,8082,C00548;C15583,31229,
3.1.1.2,3036960.0,8082,C00548;C15583,31229,
3.1.1.2,3060000.0,8082,C00548;C15583,31229,
3.1.1.2,3074400.0,8082,C00548;C15583,31229,
3.1.1.2,4320000.0,8082,C00548;C15583,31229,
3.1.1.2,5547600.0,8082,C00548;C15583,31229,
3.1.1.2,6843600.0,8082,C00548;C15583,31229,
3.1.1.2,12142800.0,8082,C00548;C15583,31229,
3.1.1.2,17200800.0,8082,C00548;C15583,31229,
3.1.1.2,183600.0,,,89773,
3.1.1.2,50400.0,,,578495,
3.1.1.2,46800.0,,,83063,
3.1.1.2,1551600.0,,,141495,
1.1.1.62,15840.0,16469,C00951;D00105,5757,HMDB00151
1.1.1.62,1188.0,16330,C03917;D07456,10635,HMDB02961
1.1.1.62,576.0,28689,C01227;D08409,5881,
1.1.1.62,20880.0,17263,C00468;D00067,5870,HMDB00145
3.1.1.1,100.8,,,40463,
3.1.1.1,201.6,,,40463,
3.1.1.1,684000.0,85867,,75834,
3.1.1.1,61200.0,82635,,13243,
3.1.1.1,252000.0,82635,,13243,
3.1.1.1,0.0108,,,,
3.1.1.1,0.972,,,,
3.1.1.1,14.399999999999999,,,,
3.1.1.1,2343600.0,,,125815,
3.1.1.1,122.4,,C16810,162381,
3.1.1.1,111600.0,,,75069,
3.1.1.1,1.476,,,,
3.1.1.1,64800.0,35020,C13870,6050,
3.1.1.1,2.88,,,43859,
3.1.1.1,10.08,,,43859,
3.1.1.1,504000.0,,C19309,7904,
3.1.1.1,172800.0,,,76571,
3.1.1.1,378000.0,,,7750,
3.1.1.1,756000.0,,,31247,
3.1.1.1,25200.0,,,8763,
3.1.1.1,0.054,,,,
3.1.1.1,0.28800000000000003,,,,
3.1.1.1,61.2,,,,
3.4.15.1,1378800.0,,,194496,
3.4.15.1,7920.0,,,,
3.4.15.1,9720.0,,,,
3.4.15.1,15120.0,,,,
3.4.15.1,49320.0,,,,
3.4.15.1,102960.0,,,,
3.4.15.1,111600.0,,,,
3.4.15.1,284400.0,,,,
3.4.15.1,287640.0,,,,
3.4.15.1,366120.0,,,,
3.4.15.1,720.0,,,,
3.4.15.1,50040.0,,,,
3.4.15.1,295200.0,,,,
3.4.15.1,25200.0,,,,
3.4.15.1,104040.0,,,,
3.4.15.1,225000.0,,,,
3.4.15.1,1080.0,,,,
3.4.15.1,2160.0,,,,
3.4.15.1,7200.0,,,,
3.4.15.1,96120.0,,,,
3.4.15.1,197640.0,,,,
3.4.15.1,249120.0,,,,
3.4.15.1,29988.0,3165,C00306,439201,HMDB04246
3.4.15.1,1980000.0,,,,
3.4.15.1,5040000.0,,,,
3.4.15.1,2880.0,,,,
3.4.15.1,7200.0,,,,
3.4.15.1,8280.0,,,,
3.4.15.1,6480.0,,,,
3.4.15.1,11880.0,,,,
3.4.15.1,13680.0,,,,
3.4.15.1,209880.0,,,42785,
3.4.15.1,1018800.0,,,96771,
3.4.15.1,215.99999999999997,,,,
3.4.15.1,3960.0,,,,
3.4.15.1,67320.0,,,,
3.4.15.1,130680.0,,,,
3.4.15.1,1324800.0,,,,
3.4.15.1,13500.0,,,9920174,
3.4.15.1,8640.0,,,,
3.4.15.1,36360.0,,,,
3.4.15.1,45360.0,,,,
3.4.15.1,3636.0,,,,
3.4.15.1,211680.0,,,,
3.4.15.1,308160.0,,,,
3.4.15.1,3600.0,,,,
3.4.15.1,7200.0,,,,
3.4.15.1,11880.0,,,,
3.4.15.1,3240.0,,,,
3.4.15.1,3600.0,,,,
3.4.15.1,5040.0,,,,
3.4.15.1,360.0,,,16218932,
3.4.15.1,88560.0,,,16218932,
3.4.15.1,159120.0,,,16218932,
3.4.15.1,3240.0,,,,
3.4.15.1,4680.0,,,,
3.4.15.1,8640.0,,,,
3.4.15.1,7920.0,,,,
3.4.15.1,644400.0,,,6438387,
3.4.15.1,1656000.0,,,,
3.4.15.1,12240.0,,,,
3.4.15.1,18000.0,,,,
3.4.15.1,37440.0,,,,
3.4.15.1,2088.0,2718,C00873,3081372;90657349,
3.4.15.1,29988.0,2718,C00873,3081372;90657349,
3.4.15.1,31320.0,2718,C00873,3081372;90657349,
3.4.15.1,187200.0,2718,C00873,3081372;90657349,
3.4.15.1,2041.1999999999998,,,25077406,
3.4.15.1,42120.0,,,461776,HMDB01045
3.4.15.1,276120.0,,,94418,
3.4.15.1,705600.0,,,94418,
3.4.15.1,1490400.0,,,94418,
3.4.15.1,1962000.0,,,94418,
3.4.15.1,9360.0,,,,
3.4.15.1,10440.0,,,,
3.4.15.1,31320.0,,,,
3.4.15.1,3600.0,,,,
3.4.15.1,5040.0,,,,
3.4.15.1,15120.0,,,,
3.4.15.1,10800.0,,,,
3.4.15.1,13320.0,,,,
3.4.15.1,17280.0,,,,
4.4.1.1,1440.0,17561;35235;47910;58717;61894,C00097;D00026,5862;6419722,HMDB00574
4.4.1.1,2412.0,17561;35235;47910;58717;61894,C00097;D00026,5862;6419722,HMDB00574
4.4.1.1,6840.0,17482;58161,C02291,25243997;439258,HMDB00099
4.4.1.1,6120.0,17482;58161,C02291,25243997;439258,HMDB00099
4.4.1.1,6840.0,17482;58161,C02291,25243997;439258,HMDB00099
4.4.1.1,27000.0,17482;58161,C02291,25243997;439258,HMDB00099
4.4.1.1,12600.0,17588;58199,C00155,6971015;91552,
4.4.1.1,13320.0,17588;58199,C00155,6971015;91552,
4.4.1.5,590400.0,,,147253;7048513,
4.4.1.5,298800.0,16613,C05730,440772,
4.4.1.5,4896000.0,16856;60836,C00051;C02471;D00014,124886;25246407,HMDB00125
4.4.1.5,374400.0,17842,C02090,449517,
4.4.1.5,4068000.0,17158,C00546,880,HMDB01167
4.4.1.5,4068000.0,17158,C00546,880,HMDB01167
4.4.1.5,3852000.0,,,14090,
4.4.1.5,3852000.0,,,14090,
4.4.1.5,799200.0,,,114894;40466869,
3.2.1.14,180.0,,,,
1.1.1.188,9.72,16422,C00280;D00051,6128,HMDB00053
1.1.1.188,5040.0,37454,C03243,6763,
2.1.2.1,144.0,15635,,5460413,
2.1.2.1,34488.0,17115,C00065;D00016,5951;6857581,HMDB00187
2.1.2.2,12.239999999999998,,C03838,160913,HMDB02022
2.1.2.2,94.32000000000001,,C03838,160913,HMDB02022
2.1.2.2,238.31999999999996,,C03838,160913,HMDB02022
2.1.2.2,943.2,,C03838,160913,HMDB02022
2.1.2.2,1054.8,,C03838,160913,HMDB02022
2.1.2.2,2268.0,,C03838,160913,HMDB02022
2.1.2.2,27000.0,,C03838,160913,HMDB02022
2.1.2.2,6.84,,,73580,
2.1.2.2,21.24,,,73580,
2.1.2.2,64.8,,,73580,
2.1.2.2,111.6,,,73580,
2.1.2.2,154.79999999999998,,,73580,
2.1.2.2,367.19999999999993,,,73580,
1.3.1.20,838.8000000000001,16359,C00695,221493,HMDB00619
1.3.1.20,450.0,,,22750,
1.3.1.20,1501.2,,,22750,
1.3.1.20,1764.0,,,22750,
1.3.1.20,2105.9999999999995,,,22750,
1.3.1.20,312.12,,,6971242,
1.3.1.20,442.8,,,6971242,
1.3.1.20,568.8000000000001,,,6971242,
1.3.1.20,568.8000000000001,,,6971242,
1.3.1.20,586.8000000000001,,,6971242,
1.3.1.20,601.2,,,6971242,
1.3.1.20,748.8,,,6971242,
1.3.1.20,388.79999999999995,,,,
1.3.1.20,42.120000000000005,,C04221,149186,HMDB01164
1.3.1.20,53.99999999999999,,C04221,149186,HMDB01164
1.3.1.20,65.88000000000001,,C04221,149186,HMDB01164
1.3.1.20,114.11999999999999,,C04221,149186,HMDB01164
1.3.1.20,119.88000000000001,,C04221,149186,HMDB01164
1.3.1.20,173.88,,C04221,149186,HMDB01164
1.3.1.20,191.88,,C04221,149186,HMDB01164
1.3.1.20,24.012,16032,C00523,5879,
1.3.1.20,65.88000000000001,16032,C00523,5879,
1.3.1.27,4788.000000000001,,,5283314,
1.3.1.27,601.2,48058,C20701,6570,
1.3.1.27,406.8,,,17166,
1.3.1.27,4140.0,32585;58968,,5283344,HMDB04362
6.3.2.5,1908.0,17677,C00063,6176,HMDB00082
6.3.2.5,2016.0,15422,C00002;D08646,5957,HMDB00538
1.1.1.184,644400.0,16474,C00005,5884,
1.1.1.184,12492.000000000002,34055,C14783,10667,
1.1.1.184,24120.0,34055,C14783,10667,
1.1.1.184,39.599999999999994,28869,C05377,4055,HMDB01892
1.1.1.184,1008.0,28869,C05377,4055,HMDB01892
1.1.1.184,1080.0,28869,C05377,4055,HMDB01892
1.1.1.184,2448.0000000000005,28869,C05377,4055,HMDB01892
1.1.1.184,396000.0,28869,C05377,4055,HMDB01892
1.1.1.184,37.08,,,26731,
1.1.1.184,1080.0,,,26731,
1.1.1.184,4320.0,,,26731,
1.1.1.184,612.0000000000001,27539,C11129,7054,
1.1.1.184,35171.99999999999,27539,C11129,7054,
1.1.1.184,1152.0,,,19707,
1.1.1.184,18468.0,,,19707,
1.1.1.184,37.08,28748,C01661,31703,
1.1.1.184,756.0,28748,C01661,31703,
1.1.1.184,90000.0,15551,C00584;D00079,5280360,HMDB01220
1.1.1.184,900.0,27418,C02617,8530,
1.1.1.184,1980.0,27418,C02617,8530,
1.1.1.184,6983.999999999999,,C01907;D07776,30323,
1.1.1.184,327600.0,,C01907;D07776,30323,
1.1.1.184,9432.000000000002,50091,,104858,HMDB04645
1.1.1.184,12852.0,37454,C03243,6763,
1.1.1.184,18900.0,37454,C03243,6763,
1.1.1.184,24120.0,37454,C03243,6763,
3.1.1.47,900.0,,,104731,
3.1.1.47,10800.0,,,104731,
3.1.1.47,1008.0,,,8164,
3.1.1.47,2484.0,,,8164,
3.1.1.47,6840.0,,,8164,
3.1.1.47,21888.0,,,8164,
3.1.1.47,3960.0,,,,
3.1.1.47,29160.0,,,,
3.1.1.47,6120.0,9661,D00384,5541,
3.1.1.47,59400.0,9661,D00384,5541,
3.1.1.47,133200.0,9661,D00384,5541,
3.1.1.47,2448.0000000000005,,,2502,
3.1.1.47,17280.0,,,2502,
3.1.1.47,21888.0,,,2502,
3.1.1.47,1224.0000000000002,,,108157,
3.1.1.47,11520.0,,,108157,
3.1.1.47,88560.0,,,108157,
2.1.1.20,5760.0,15414;59789,,24762165;34756,
2.1.1.20,5760.0,15428;15705;16228;46874;59869;59871;62031;66884;66933,C00037;D00011,5257127;750,HMDB00123
4.1.1.36,10440.0,15769,C04352,440304,HMDB01117
2.1.1.28,154.79999999999998,16343,C02735,1000,HMDB01065
2.1.1.28,161.99999999999997,16343,C02735,1000,HMDB01065
2.1.1.28,169.2,16343,C02735,1000,HMDB01065
2.1.1.28,22.32,,,135924,
2.1.1.28,17.279999999999998,,,6420129,
2.1.1.28,170.28,15414;59789,,24762165;34756,
2.1.1.28,72.0,17134,,4581,
2.1.1.28,75.6,17134,,4581,
2.1.1.28,28.799999999999997,,,30514,
2.1.1.28,29.88,,,30514,
1.13.11.11,234.00000000000003,17780;58266,C00643;D07339,439280;6971044,
1.13.11.11,5580.0,16828;57912,C00078;D00020,6305;6923516,HMDB00929
1.13.11.11,2160.0,16828;57912,C00078;D00020,6305;6923516,HMDB00929
1.13.11.11,5040.0,16828;57912,C00078;D00020,6305;6923516,HMDB00929
1.13.11.11,5040.0,16828;57912,C00078;D00020,6305;6923516,HMDB00929
1.13.11.11,7560.0,16828;57912,C00078;D00020,6305;6923516,HMDB00929
1.13.11.11,22032.0,16828;57912,C00078;D00020,6305;6923516,HMDB00929
1.13.11.11,647.9999999999999,,,688357;6921698,
1.13.11.11,7451.999999999999,16296;57719,C00525,6923517;9060,HMDB13609
1.13.11.11,720.0,16296;57719,C00525,6923517;9060,HMDB13609
3.5.3.1,684000.0,16467,C00062;D02982,28782;6322,HMDB00517
3.5.3.1,684000.0,16467,C00062;D02982,28782;6322,HMDB00517
5.2.1.2,1670400.0,47904,C01036,5280393,HMDB02052
5.2.1.2,1980.0,,,265266,
5.2.1.2,2124.0,,,265266,
5.2.1.2,2951.9999999999995,,,265266,
5.2.1.2,4680.0,,,265266,
5.3.1.9,1800000.0,,C00092,5958,HMDB01401
5.3.1.9,11988000.0,61553,C00085,439160,
1.2.4.1,277.2,32816,C00022,1060,HMDB00243
1.2.4.1,237959.99999999997,32816,C00022,1060,HMDB00243
1.2.4.1,251640.0,32816,C00022,1060,HMDB00243
1.3.3.3,0.0216,,,,
1.3.3.3,42.01199999999999,,,,
1.3.3.3,101.88,,,,
1.3.3.3,154.79999999999998,,,,
1.3.3.3,0.594,,,,
1.3.3.3,22.787999999999997,,,,
1.3.3.3,22.68,,,,
1.3.3.3,97.19999999999999,,,,
1.3.3.3,6.119999999999999,,,,
1.3.3.3,11.88,,C03263,321,HMDB01261
1.3.3.3,11.88,,C03263,321,HMDB01261
1.3.3.3,45.0,,C03263,321,HMDB01261
1.3.3.3,58.176,,C03263,321,HMDB01261
1.3.3.3,96.12,,C03263,321,HMDB01261
1.3.3.3,161.99999999999997,,C03263,321,HMDB01261
1.3.3.3,198.0,,C03263,321,HMDB01261
1.3.3.3,215.99999999999997,,C03263,321,HMDB01261
1.3.3.3,215.99999999999997,,C03263,321,HMDB01261
1.3.3.3,215.99999999999997,,C03263,321,HMDB01261
1.3.3.3,6480.0,,C03263,321,HMDB01261
1.3.3.3,57600.0,,C03263,321,HMDB01261
1.3.3.3,474.12000000000006,,,21126171,
1.3.3.3,32.4,,,,
1.3.3.3,101.88,,,,
1.3.3.3,22.68,,,,
3.2.1.1,1594800.0,,,,
3.2.1.1,10728.0,,,9939545,
3.2.1.1,6840.0,,,9939545,
3.2.1.1,7200.0,,,9939545,
3.2.1.1,7560.0,,,9939545,
3.2.1.1,7920.0,,,9939545,
3.2.1.1,8640.0,,,9939545,
3.2.1.1,12600.0,,,9939545,
3.2.1.1,15840.0,,,9939545,
3.2.1.1,56880.0,,,9939545,
3.2.1.1,1018800.0,,,,
3.2.1.1,1026000.0,,,,
3.2.1.1,630000.0,,,,
3.2.1.1,540000.0,,,,
4.2.1.1,1.44,16526,C00011;D00004,280,HMDB01967
4.2.1.1,2880000.0,16526,C00011;D00004,280,HMDB01967
4.2.1.1,46800000.0,16526,C00011;D00004,280,HMDB01967
4.2.1.1,46800000.0,16526,C00011;D00004,280,HMDB01967
4.2.1.1,65880000.0,16526,C00011;D00004,280,HMDB01967
4.2.1.1,468000000.0,16526,C00011;D00004,280,HMDB01967
4.2.1.1,540000000.0,16526,C00011;D00004,280,HMDB01967
4.2.1.1,540000000.0,16526,C00011;D00004,280,HMDB01967
4.2.1.1,540000000.0,16526,C00011;D00004,280,HMDB01967
4.2.1.1,720000000.0,16526,C00011;D00004,280,HMDB01967
4.2.1.1,5040000000.0,16526,C00011;D00004,280,HMDB01967
4.2.1.1,5040000000.0,16526,C00011;D00004,280,HMDB01967
4.2.1.1,103320000.0,17544,C00288,22647601;769,HMDB00595
4.2.1.1,106200000.0,17544,C00288,22647601;769,HMDB00595
1.1.1.50,272.52,17347,C00535;D00075,6013,HMDB00234
1.1.1.50,0.0576,,,10087021,
1.1.1.50,43.199999999999996,,,10087021,
1.1.1.50,0.6120000000000001,50169,C13712,92786,HMDB01449
1.1.1.50,10.799999999999999,16474,C00005,5884,
1.1.1.50,60.12,30154,C05479,92745,
1.1.1.50,64.8,30154,C05479,92745,
1.1.1.50,180.0,30154,C05479,92745,
1.1.1.50,6840.0,22542,,3034809,
1.1.1.50,0.0576,,,9839851,
1.1.1.50,1.7999999999999998,,,9839851,
1.1.1.50,14.399999999999999,,,9839851,
1.1.1.50,57.599999999999994,,,9839851,
1.1.1.50,8.280000000000001,,,130415,
1.1.1.50,9.0,,,130415,
1.1.1.50,165.6,,,130415,
1.1.1.50,264.6,,,130415,
1.1.1.50,13.68,16330,C03917;D07456,10635,HMDB02961
1.1.1.50,72.0,16330,C03917;D07456,10635,HMDB02961
1.1.1.50,143.28,16330,C03917;D07456,10635,HMDB02961
1.1.1.50,347.4,16330,C03917;D07456,10635,HMDB02961
1.1.1.50,410.4,16330,C03917;D07456,10635,HMDB02961
1.1.1.50,60.12,16330,C03917;D07456,10635,HMDB02961
1.1.1.50,0.6120000000000001,18009,C00006,5886,HMDB00217
1.1.1.50,504.0,,,11659209,
1.1.1.50,10.799999999999999,28952,C03681,92810,HMDB03759
1.1.1.50,14.399999999999999,28952,C03681,92810,HMDB03759
1.1.1.50,28.799999999999997,28952,C03681,92810,HMDB03759
1.1.1.50,144.0,28952,C03681,92810,HMDB03759
1.1.1.50,68040.0,37454,C03243,6763,
1.1.1.50,28.188,16032,C00523,5879,
1.1.1.50,478.8,16032,C00523,5879,
1.1.1.50,14.399999999999999,,,,
1.1.1.50,60.12,,,,
1.1.1.50,730.8000000000001,,,,
1.1.1.50,1152.0,,,,
1.1.1.50,1825.2,,,,
1.1.1.50,3888.000000000001,66926,,541,
1.14.13.17,144.0,17759,C01164,439423,HMDB00032
1.14.13.17,215.99999999999997,17168,C01189,65728,HMDB01170
1.14.13.17,431.99999999999994,17168,C01189,65728,HMDB01170
1.14.13.15,262.8,61829,D03583,10046567,
1.14.13.15,65.88000000000001,,,,
4.99.1.1,11520.0,29105,C00038,32051,HMDB01303
4.99.1.1,12600.0,29105,C00038,32051,HMDB01303
4.99.1.1,206.27999999999997,8337,C05113,,
4.99.1.1,64.8,29033,C14818,27284,HMDB00692
4.99.1.1,360.0,29033,C14818,27284,HMDB00692
3.5.3.11,10800.0,17431,C00179,199,HMDB01432
2.4.1.41,144.0,,,,
2.4.1.41,180.0,,,,
2.4.1.41,187.2,,,,
2.4.1.41,190.79999999999998,,,,
2.4.1.41,442.8,,,,
2.4.1.41,694.8,,,,
2.4.1.41,457.2,,,,
2.4.1.41,144.0,,,,
2.4.1.41,208.8,,,,
2.4.1.41,493.20000000000005,,,,
2.4.1.41,540.0,,,,
2.4.1.41,784.8,,,,
2.4.1.41,792.0,,,,
2.4.1.41,863.9999999999999,,,,
2.4.1.41,1188.0,,,,
2.4.1.41,241.20000000000002,,,,
2.4.1.41,270.0,,,,
2.4.1.41,370.79999999999995,,,,
2.4.1.41,388.79999999999995,,,,
2.4.1.41,612.0000000000001,,,,
2.4.1.41,1044.0,,,,
2.4.1.41,1116.0,,,,
2.4.1.41,1440.0,,,,
2.4.1.41,1872.0000000000002,,,,
2.4.1.41,2736.0,,,,
2.4.1.41,5040.0,,,,
3.2.1.113,13320.0,,,,
3.2.1.113,13320.0,,,,
2.3.1.87,62280.0,28790,C00780,5202,HMDB00259
2.3.1.87,73080.0,28790,C00780,5202,HMDB00259
2.3.1.87,93240.0,28790,C00780,5202,HMDB00259
2.3.1.85,9720.0,15531;84127,C00083;C03188,644066,
2.3.1.85,9720.0,15351,C00024,444493,HMDB01206
4.2.1.75,20988.0,16645,C01024,788,HMDB01137
4.2.1.75,108000.0,16645,C01024,788,HMDB01137
4.2.1.75,3204000.0,16645,C01024,788,HMDB01137
1.1.1.10,1872.0000000000002,21405,,5460672,
1.1.1.10,2951.9999999999995,28587,,439665,
1.1.1.10,828.0,16016;17567,C00184;D07841,670,HMDB01882
1.1.1.10,5400.0,15846,C00003;D00002,5893,HMDB00902
1.1.1.10,1872.0000000000002,15693;5445,C02154,751,HMDB01051
1.1.1.10,5400.0,16474,C00005,5884,
1.1.1.10,2160.0,17151,C00379,,
1.1.1.10,1727.9999999999998,48300,C16884,169019,HMDB04136
1.1.1.10,5652.0,16583,C00741,650,HMDB03407
1.1.1.10,5760.0,16583,C00741,650,HMDB03407
1.1.1.10,2160.0,27913,C02045,5460032,HMDB06293
1.1.1.10,2340.0,18009,C00006,5886,HMDB00217
1.1.1.10,13680.0,16908,C00004,439153,
1.1.1.10,1872.0000000000002,17173,,151261,HMDB00621
1.1.1.10,2340.0,15688,C00466,179,HMDB03243
1.1.1.10,360.0,,C00310,439204,HMDB03371
1.1.1.10,1548.0,27904,,94176,
1.1.1.10,2340.0,,C00312,439205,
2.7.1.82,0.5760000000000001,16000,C00189;D05074,700,HMDB00149
1.1.1.1,658.8000000000001,44884,C16834,6276,HMDB13036
1.1.1.1,882.0,44884,C16834,6276,HMDB13036
1.1.1.1,2401.2000000000003,44884,C16834,6276,HMDB13036
1.1.1.1,28800.0,44884,C16834,6276,HMDB13036
1.1.1.1,57600.0,44884,C16834,6276,HMDB13036
1.1.1.1,64.8,17898,C00376,638015,HMDB01358
1.1.1.1,1980.0,17898,C00376,638015,HMDB01358
1.1.1.1,6588.000000000001,17898,C00376,638015,HMDB01358
1.1.1.1,6588.000000000001,17890,C00955,10685,HMDB03447
1.1.1.1,10188.0,,C01801,9828112,
1.1.1.1,601.2,,,6439706,
1.1.1.1,28188.0,,,6439706,
1.1.1.1,72000.0,,,6439706,
1.1.1.1,2458.8,,D05158,7510,
1.1.1.1,11988.0,17935,C01545,454,HMDB01140
1.1.1.1,10620.0,,C08317,79034,HMDB02059
1.1.1.1,10907.999999999998,,C08317,79034,HMDB02059
1.1.1.1,14400.0,,C08317,79034,HMDB02059
1.1.1.1,1198.8,,C08317,79034,HMDB02059
1.1.1.1,1681.2000000000003,18353,C06317,62348,
1.1.1.1,31212.000000000004,18353,C06317,62348,
1.1.1.1,316.79999999999995,,,5354043,
1.1.1.1,9000.0,,,5354043,
1.1.1.1,2520.0,16236;17246,C00469;D00068,702,HMDB00108
1.1.1.1,9000.0,16236;17246,C00469;D00068,702,HMDB00108
1.1.1.1,13788.0,16236;17246,C00469;D00068,702,HMDB00108
1.1.1.1,14400.0,16236;17246,C00469;D00068,702,HMDB00108
1.1.1.1,28188.0,16236;17246,C00469;D00068,702,HMDB00108
1.1.1.1,110520.0,16236;17246,C00469;D00068,702,HMDB00108
1.1.1.1,2700.0,17824,C01845;D00137,3776,HMDB00863
1.1.1.1,10188.0,16188,C00756,957,HMDB01183
1.1.1.1,15588.0,16188,C00756,957,HMDB01183
1.1.1.1,26388.0,16188,C00756,957,HMDB01183
1.1.1.1,29988.0,16188,C00756,957,HMDB01183
1.1.1.1,61920.0,28831,C05979,1031,HMDB00820
1.1.1.1,22212.0,55328,C18218,10466,
1.1.1.1,100.8,17336,C00473;C17276;D06543,445354,HMDB00305
1.1.1.1,900.0,17336,C00473;C17276;D06543,445354,HMDB00305
1.1.1.1,1440.0,17336,C00473;C17276;D06543,445354,HMDB00305
1.1.1.1,3240.0,17336,C00473;C17276;D06543,445354,HMDB00305
1.1.1.1,2098.7999999999997,18099,C00854,7966,
1.1.1.1,2581.2,15846,C00003;D00002,5893,HMDB00902
1.1.1.1,2520.0,28885,C06142;D03200,263,HMDB04327
1.1.1.1,125280.0,28885,C06142;D03200,263,HMDB04327
1.1.1.1,792.0,,,6436079,HMDB06220
1.1.1.1,4392.0,,,6436079,HMDB06220
1.1.1.1,70200.0,,,8103,HMDB12971
1.1.1.1,367.19999999999993,15734;17790;73312,C00132,887,HMDB01875
1.1.1.1,2700.0,27636;30742,C01380;C15588;D03370;D06418;D06419;D06420;D06421;D06422;D06423,174,
1.1.1.1,7811.999999999999,,,444683,
1.1.1.1,331.2,,,,
1.1.1.1,10188.0,,,,
1.1.1.1,123120.0,,,,
1.1.1.1,27000.0,,,31234,
1.1.1.1,16812.0,17987,C00556;C03485;D00077,244,HMDB03119
1.1.1.1,33012.0,17987,C00556;C03485;D00077,244,HMDB03119
1.1.1.2,101.88,49000,C05853;D00192,6054,
1.1.1.2,532.8,18353,C06317,62348,
1.1.1.2,155.88,16997,C00583;D00078,1030,HMDB01881
1.1.1.2,288.0,,,7149,
1.1.1.2,34200.0,66926,,541,
1.1.1.2,101.88,15850;17522;17754,C00116;D00028;D05073,753,HMDB00131
1.1.1.2,263.88000000000005,17987,C00556;C03485;D00077,244,HMDB03119
1.13.11.31,9000.0,15843,C00219,444899,HMDB01043
1.13.11.31,50400.0,15843,C00219,444899,HMDB01043
1.13.11.31,64080.0,15843,C00219,444899,HMDB01043
1.13.11.31,165600.0,15843,C00219,444899,HMDB01043
1.13.11.31,5040.0,15843,C00219,444899,HMDB01043
1.13.11.31,72000.0,15843,C00219,444899,HMDB01043
1.13.11.31,47160.0,15379;27140,C00007;D00003,977,HMDB01377
2.3.2.2,4140000.0,17064,C02126,7475,
